,Patron Type Code,Patron Type Definition,Total Checkouts,Total Renewals,Age Range,Home Library Code,Home Library Definition,Circulation Active Month,Circulation Active Year,Notice Preference Code,Notice Preference Definition,Provided Email Address,Year Patron Registered,Outside of County,Supervisor District
96859,0,ADULT,8,12,45 to 54 years,M6,Mission,July,2016.0,z,email,True,2013,True,
101054,0,ADULT,5,7,45 to 54 years,X,Main Library,May,2016.0,z,email,True,2015,True,
154048,0,ADULT,0,0,20 to 24 years,X,Main Library,June,2016.0,z,email,True,2016,True,
269544,0,ADULT,7,15,20 to 24 years,M2,Marina,March,2016.0,z,email,True,2015,True,
251649,0,ADULT,10,9,60 to 64 years,X,Main Library,April,2016.0,z,email,True,2015,True,
12987,0,ADULT,0,0,20 to 24 years,M4,Merced,December,2015.0,z,email,True,2013,True,
277999,0,ADULT,12,0,35 to 44 years,P3,Parkside,July,2016.0,a,print,False,2014,True,
93200,0,ADULT,118,202,45 to 54 years,E9,Excelsior,May,2015.0,p,phone,False,2005,True,
240987,0,ADULT,7,0,35 to 44 years,X,Main Library,January,2016.0,z,email,True,2015,True,
310280,1,JUVENILE,78,121,10 to 19 years,O7,Ortega,January,2016.0,z,email,True,2009,True,
25562,0,ADULT,3,1,35 to 44 years,G4,Glen Park,September,2015.0,p,phone,False,2015,True,
251541,0,ADULT,70,136,55 to 59 years,X,Main Library,March,2015.0,z,email,True,2003,True,
42398,0,ADULT,3,0,20 to 24 years,X,Main Library,April,2015.0,z,email,True,2015,True,
146973,4,WELCOME,1,0,45 to 54 years,X,Main Library,June,2015.0,p,phone,False,2015,True,
224346,0,ADULT,39,0,55 to 59 years,X,Main Library,April,2016.0,z,email,True,2011,True,
267667,0,ADULT,2,0,25 to 34 years,M4,Merced,May,2016.0,z,email,True,2010,True,
38444,0,ADULT,71,97,35 to 44 years,X,Main Library,June,2015.0,z,email,True,2009,True,
137832,0,ADULT,233,36,25 to 34 years,X,Main Library,March,2015.0,z,email,True,2003,True,
56649,0,ADULT,9,0,45 to 54 years,X,Main Library,February,2016.0,a,print,False,2015,True,
102246,0,ADULT,230,245,25 to 34 years,R3,Richmond,July,2016.0,z,email,True,2010,True,9.0
4245,3,SENIOR,3,0,65 to 74 years,M4,Merced,August,2015.0,z,email,True,2012,True,
111177,3,SENIOR,63,2,65 to 74 years,X,Main Library,June,2016.0,z,email,True,2011,True,
349470,2,YOUNG ADULT,0,0,10 to 19 years,X,Main Library,February,2015.0,z,email,True,2014,True,
301927,0,ADULT,7,8,35 to 44 years,X,Main Library,July,2016.0,z,email,True,2015,True,
97500,0,ADULT,2,0,20 to 24 years,M4,Merced,May,2015.0,z,email,True,2015,True,
359679,0,ADULT,39,7,60 to 64 years,M8,Mission Bay,February,2016.0,z,email,True,2003,True,
153214,0,ADULT,5,0,20 to 24 years,M8,Mission Bay,December,2015.0,z,email,True,2014,True,6.0
206665,0,ADULT,2,3,25 to 34 years,X,Main Library,July,2016.0,z,email,True,2016,True,
110737,0,ADULT,15,3,65 to 74 years,X,Main Library,June,2016.0,z,email,True,2016,True,
78442,4,WELCOME,2,1,45 to 54 years,X,Main Library,December,2015.0,z,email,True,2014,True,
55953,3,SENIOR,95,12,65 to 74 years,W2,West Portal,February,2016.0,z,email,True,2012,True,
82182,0,ADULT,65,1,45 to 54 years,X,Main Library,July,2016.0,z,email,True,2015,True,
94412,0,ADULT,47,97,35 to 44 years,X,Main Library,February,2016.0,p,phone,True,2006,True,
5379,3,SENIOR,82,9,65 to 74 years,W4,Western Addition,December,2015.0,z,email,True,2009,True,
301187,0,ADULT,46,40,25 to 34 years,S7,Sunset,June,2016.0,z,email,True,2013,True,
74633,0,ADULT,7,2,25 to 34 years,X,Main Library,February,2016.0,z,email,True,2012,True,
142243,0,ADULT,18,10,20 to 24 years,X,Main Library,January,2016.0,z,email,True,2008,True,
181027,0,ADULT,38,34,45 to 54 years,X,Main Library,July,2016.0,z,email,True,2016,True,
8422,0,ADULT,3,0,35 to 44 years,S7,Sunset,March,2015.0,z,email,True,2015,True,
232692,0,ADULT,11,5,35 to 44 years,M4,Merced,May,2016.0,z,email,True,2012,True,
83955,0,ADULT,1,0,55 to 59 years,X,Main Library,January,2016.0,z,email,True,2015,True,
409601,0,ADULT,23,8,45 to 54 years,M2,Marina,February,2015.0,z,email,True,2013,True,
219118,0,ADULT,207,10,45 to 54 years,G4,Glen Park,January,2016.0,z,email,True,2003,True,
179686,0,ADULT,15,36,25 to 34 years,X,Main Library,January,2015.0,z,email,True,2008,True,
171084,0,ADULT,2,0,55 to 59 years,R3,Richmond,June,2016.0,z,email,True,2016,True,
416376,1,JUVENILE,188,27,10 to 19 years,R3,Richmond,July,2016.0,z,email,True,2009,True,
48062,0,ADULT,28,10,45 to 54 years,I5,Ingleside,April,2016.0,z,email,True,2004,True,
27101,0,ADULT,105,42,25 to 34 years,X,Main Library,July,2015.0,z,email,True,2009,True,
25769,0,ADULT,5,1,35 to 44 years,M4,Merced,January,2016.0,z,email,True,2011,True,
203325,0,ADULT,12,3,45 to 54 years,M8,Mission Bay,January,2016.0,z,email,True,2015,True,
63974,0,ADULT,28,61,45 to 54 years,X,Main Library,March,2015.0,z,email,True,2007,True,
200641,0,ADULT,3,6,35 to 44 years,X,Main Library,May,2016.0,p,phone,True,2016,True,
58000,0,ADULT,16,3,55 to 59 years,W2,West Portal,August,2015.0,z,email,True,2003,True,
182000,0,ADULT,124,109,25 to 34 years,X,Main Library,July,2016.0,p,phone,True,2009,True,
137760,0,ADULT,175,253,45 to 54 years,I5,Ingleside,November,2015.0,z,email,True,2009,True,
14231,0,ADULT,0,0,25 to 34 years,X,Main Library,June,2016.0,z,email,True,2016,True,
271605,0,ADULT,26,2,25 to 34 years,X,Main Library,December,2015.0,z,email,True,2015,True,
230922,0,ADULT,13,0,60 to 64 years,R3,Richmond,June,2015.0,z,email,True,2011,True,
126787,0,ADULT,0,0,25 to 34 years,M8,Mission Bay,January,2015.0,z,email,True,2014,True,
145943,0,ADULT,22,0,35 to 44 years,X,Main Library,September,2015.0,p,phone,False,2010,True,
159282,0,ADULT,4,4,20 to 24 years,S7,Sunset,May,2016.0,z,email,True,2015,True,
137338,0,ADULT,11,0,25 to 34 years,X,Main Library,October,2015.0,z,email,True,2010,True,
59277,0,ADULT,4,1,35 to 44 years,X,Main Library,June,2016.0,z,email,True,2016,True,
326670,1,JUVENILE,223,30,10 to 19 years,S7,Sunset,July,2016.0,z,email,True,2010,True,
96569,0,ADULT,170,69,35 to 44 years,M6,Mission,May,2016.0,z,email,True,2003,True,
60389,0,ADULT,1,0,35 to 44 years,S7,Sunset,January,2016.0,z,email,True,2014,True,
54085,0,ADULT,2,0,25 to 34 years,X,Main Library,August,2015.0,z,email,True,2012,True,
24782,0,ADULT,31,42,45 to 54 years,W4,Western Addition,July,2015.0,z,email,True,2008,True,
204053,3,SENIOR,29,22,65 to 74 years,X,Main Library,May,2015.0,z,email,True,2005,True,
282770,0,ADULT,22,0,35 to 44 years,R3,Richmond,January,2015.0,z,email,True,2014,True,
74964,0,ADULT,221,83,45 to 54 years,X,Main Library,June,2015.0,a,print,False,2011,True,
137516,0,ADULT,24,0,25 to 34 years,X,Main Library,May,2016.0,z,email,True,2011,True,
209612,0,ADULT,4,0,45 to 54 years,E9,Excelsior,January,2015.0,z,email,True,2013,True,
88291,0,ADULT,8,1,25 to 34 years,X,Main Library,October,2015.0,z,email,True,2015,True,
359322,2,YOUNG ADULT,8,0,10 to 19 years,E9,Excelsior,June,2015.0,p,phone,False,2015,True,
119255,0,ADULT,204,0,25 to 34 years,I5,Ingleside,October,2015.0,z,email,True,2009,True,
108806,0,ADULT,7,7,55 to 59 years,X,Main Library,November,2015.0,z,email,True,2008,True,
81648,0,ADULT,2,0,25 to 34 years,E9,Excelsior,December,2015.0,p,phone,False,2015,True,
346690,2,YOUNG ADULT,4,0,10 to 19 years,G4,Glen Park,September,2015.0,z,email,True,2013,True,
322098,0,ADULT,95,22,10 to 19 years,O7,Ortega,April,2015.0,z,email,True,2003,True,
202072,0,ADULT,43,14,60 to 64 years,M8,Mission Bay,July,2015.0,z,email,True,2010,True,
152068,0,ADULT,3,4,25 to 34 years,M6,Mission,January,2016.0,p,phone,False,2015,True,
111582,0,ADULT,3,0,25 to 34 years,W4,Western Addition,September,2015.0,z,email,True,2003,True,
208751,0,ADULT,5,5,20 to 24 years,X,Main Library,March,2016.0,z,email,True,2012,True,
158323,4,WELCOME,1,0,20 to 24 years,X,Main Library,January,2015.0,z,email,True,2014,True,
393313,0,ADULT,17,28,10 to 19 years,X,Main Library,July,2016.0,z,email,True,2009,True,
402451,0,ADULT,3,0,10 to 19 years,X,Main Library,December,2015.0,p,phone,False,2015,True,
280655,0,ADULT,1,1,25 to 34 years,I5,Ingleside,June,2016.0,z,email,True,2016,True,
103101,0,ADULT,12,0,25 to 34 years,X,Main Library,October,2015.0,z,email,True,2012,True,
274795,0,ADULT,5,0,45 to 54 years,X,Main Library,June,2016.0,p,phone,True,2015,True,
217816,0,ADULT,17,14,25 to 34 years,M4,Merced,May,2016.0,z,email,True,2015,True,
227195,0,ADULT,38,6,25 to 34 years,X,Main Library,July,2016.0,z,email,True,2003,True,
291014,0,ADULT,59,15,45 to 54 years,X,Main Library,October,2015.0,z,email,True,2003,True,
93727,0,ADULT,10,26,25 to 34 years,P3,Parkside,July,2016.0,z,email,True,2014,True,
38372,5,STAFF,101,122,25 to 34 years,W4,Western Addition,July,2016.0,z,email,True,2015,True,5.0
67743,0,ADULT,15,4,20 to 24 years,X,Main Library,March,2016.0,z,email,True,2012,True,
195827,0,ADULT,6,5,60 to 64 years,X,Main Library,August,2015.0,z,email,True,2015,True,
175179,0,ADULT,13,17,25 to 34 years,X,Main Library,December,2015.0,z,email,True,2013,True,
115967,0,ADULT,81,36,55 to 59 years,X,Main Library,April,2015.0,p,phone,False,2003,True,
200177,0,ADULT,1,2,45 to 54 years,X,Main Library,July,2016.0,z,email,True,2016,True,
306443,0,ADULT,7,4,35 to 44 years,X,Main Library,June,2016.0,z,email,True,2011,True,
205374,0,ADULT,12,2,20 to 24 years,X,Main Library,July,2016.0,z,email,True,2010,True,
266502,0,ADULT,137,8,45 to 54 years,P3,Parkside,July,2016.0,p,phone,True,2013,True,
327061,0,ADULT,86,132,55 to 59 years,X,Main Library,April,2015.0,p,phone,True,2014,True,
32250,0,ADULT,4,0,35 to 44 years,M6,Mission,December,2015.0,z,email,True,2006,True,
27758,0,ADULT,2,2,20 to 24 years,X,Main Library,January,2016.0,z,email,True,2015,True,
211041,0,ADULT,5,9,35 to 44 years,X,Main Library,November,2015.0,z,email,True,2015,True,
173516,3,SENIOR,108,0,65 to 74 years,X,Main Library,May,2016.0,p,phone,False,2015,True,
117685,0,ADULT,22,25,45 to 54 years,X,Main Library,June,2016.0,z,email,True,2003,True,
109461,0,ADULT,72,4,25 to 34 years,X,Main Library,July,2016.0,z,email,True,2012,True,
209343,0,ADULT,8,3,25 to 34 years,X,Main Library,October,2015.0,z,email,True,2014,True,
150939,0,ADULT,19,15,55 to 59 years,P3,Parkside,February,2016.0,z,email,True,2013,True,
209779,0,ADULT,26,5,45 to 54 years,M4,Merced,June,2016.0,z,email,True,2015,True,
202367,0,ADULT,10,18,20 to 24 years,X,Main Library,May,2015.0,z,email,True,2014,True,
309559,0,ADULT,4,4,25 to 34 years,X,Main Library,February,2016.0,z,email,True,2015,True,
54335,0,ADULT,67,34,45 to 54 years,X,Main Library,December,2015.0,z,email,True,2006,True,
51302,0,ADULT,7,18,35 to 44 years,M6,Mission,April,2016.0,z,email,True,2012,True,
66385,10,VISITOR,0,0,60 to 64 years,X,Main Library,February,2015.0,z,email,True,2009,True,
138221,0,ADULT,11,10,60 to 64 years,X,Main Library,March,2015.0,p,phone,False,2012,True,
90503,0,ADULT,15,5,35 to 44 years,X,Main Library,April,2015.0,z,email,True,2009,True,
291485,0,ADULT,20,21,25 to 34 years,X,Main Library,February,2016.0,z,email,True,2012,True,
5296,0,ADULT,161,103,45 to 54 years,X,Main Library,December,2015.0,z,email,True,2009,True,
6328,0,ADULT,9,0,45 to 54 years,O7,Ortega,January,2016.0,z,email,True,2012,True,
193243,0,ADULT,44,40,25 to 34 years,M4,Merced,June,2016.0,z,email,True,2012,True,
69503,0,ADULT,18,0,35 to 44 years,O7,Ortega,November,2015.0,z,email,True,2015,True,
159450,0,ADULT,232,28,35 to 44 years,X,Main Library,August,2015.0,z,email,True,2013,True,
260155,0,ADULT,26,12,35 to 44 years,P3,Parkside,March,2015.0,z,email,True,2003,True,
315681,0,ADULT,10,2,35 to 44 years,X,Main Library,August,2015.0,z,email,True,2012,True,
373677,2,YOUNG ADULT,2,0,10 to 19 years,X,Main Library,March,2015.0,z,email,True,2013,True,
214802,4,WELCOME,1,0,20 to 24 years,X,Main Library,March,2016.0,z,email,True,2016,True,
102151,0,ADULT,13,23,20 to 24 years,X,Main Library,September,2015.0,z,email,True,2014,True,
124212,0,ADULT,0,0,25 to 34 years,G4,Glen Park,February,2015.0,z,email,True,2013,True,
256513,0,ADULT,1,0,35 to 44 years,X,Main Library,September,2015.0,z,email,True,2012,True,
175810,0,ADULT,3,5,25 to 34 years,X,Main Library,March,2016.0,z,email,True,2014,True,
220474,0,ADULT,5,0,45 to 54 years,X,Main Library,March,2016.0,z,email,True,2016,True,
140030,0,ADULT,1,0,25 to 34 years,X,Main Library,June,2016.0,z,email,True,2016,True,
31909,0,ADULT,1,0,25 to 34 years,X,Main Library,January,2016.0,p,phone,True,2013,True,
146908,3,SENIOR,127,5,65 to 74 years,E9,Excelsior,July,2016.0,p,phone,False,2012,True,
401207,0,ADULT,25,0,55 to 59 years,X,Main Library,June,2015.0,p,phone,False,2015,True,
188277,0,ADULT,237,269,55 to 59 years,X,Main Library,July,2016.0,z,email,True,2004,True,
236727,0,ADULT,22,33,25 to 34 years,M6,Mission,July,2016.0,z,email,True,2012,True,
273772,3,SENIOR,129,6,65 to 74 years,I5,Ingleside,January,2016.0,z,email,True,2004,True,
272768,0,ADULT,188,14,20 to 24 years,M6,Mission,March,2016.0,z,email,True,2003,True,
32062,0,ADULT,112,126,55 to 59 years,X,Main Library,July,2016.0,z,email,True,2004,True,
201043,0,ADULT,56,20,45 to 54 years,X,Main Library,September,2015.0,z,email,True,2015,True,
29005,3,SENIOR,215,5,65 to 74 years,X,Main Library,July,2016.0,z,email,True,2014,True,
282545,0,ADULT,15,3,25 to 34 years,X,Main Library,August,2015.0,z,email,True,2012,True,
39561,0,ADULT,232,299,25 to 34 years,X,Main Library,August,2015.0,z,email,True,2011,True,
272697,0,ADULT,1,0,45 to 54 years,X,Main Library,March,2016.0,z,email,True,2016,True,
234443,0,ADULT,9,13,25 to 34 years,X,Main Library,July,2016.0,a,print,False,2014,True,3.0
332761,0,ADULT,5,11,20 to 24 years,M4,Merced,December,2015.0,z,email,True,2014,True,
110346,0,ADULT,39,93,35 to 44 years,X,Main Library,July,2016.0,z,email,True,2010,True,
319973,1,JUVENILE,24,0,10 to 19 years,P3,Parkside,April,2015.0,z,email,True,2009,True,
258581,0,ADULT,19,2,20 to 24 years,S7,Sunset,March,2016.0,z,email,True,2015,True,
234547,0,ADULT,82,27,35 to 44 years,X,Main Library,July,2016.0,z,email,True,2015,True,
35302,0,ADULT,57,5,35 to 44 years,M6,Mission,March,2016.0,z,email,True,2004,True,
48599,0,ADULT,53,22,55 to 59 years,X,Main Library,June,2016.0,z,email,True,2003,True,
7358,0,ADULT,55,79,25 to 34 years,I5,Ingleside,August,2015.0,z,email,True,2003,True,
156170,0,ADULT,3,0,35 to 44 years,W2,West Portal,February,2016.0,z,email,True,2016,True,
205802,0,ADULT,23,32,45 to 54 years,X,Main Library,May,2016.0,z,email,True,2012,True,
363620,1,JUVENILE,3,0,10 to 19 years,M6,Mission,April,2015.0,a,print,False,2015,True,
38332,0,ADULT,2,2,20 to 24 years,X,Main Library,September,2015.0,z,email,True,2015,True,
157033,0,ADULT,22,3,45 to 54 years,O7,Ortega,June,2016.0,p,phone,False,2013,True,
48816,0,ADULT,117,50,45 to 54 years,X,Main Library,April,2015.0,p,phone,False,2003,True,
243531,0,ADULT,26,24,25 to 34 years,X,Main Library,March,2016.0,z,email,True,2014,True,
49510,0,ADULT,35,18,45 to 54 years,W4,Western Addition,April,2016.0,z,email,True,2012,True,
227509,0,ADULT,8,1,20 to 24 years,M8,Mission Bay,February,2016.0,p,phone,True,2010,True,
74453,0,ADULT,220,23,55 to 59 years,X,Main Library,May,2016.0,z,email,True,2003,True,
36590,0,ADULT,181,195,35 to 44 years,M6,Mission,September,2015.0,p,phone,False,2008,True,
181621,0,ADULT,9,7,20 to 24 years,M4,Merced,February,2016.0,z,email,True,2014,True,
157528,0,ADULT,0,0,25 to 34 years,X,Main Library,December,2015.0,z,email,True,2015,True,
192952,0,ADULT,55,0,60 to 64 years,W2,West Portal,September,2015.0,p,phone,False,2003,True,
27409,0,ADULT,1,0,45 to 54 years,R3,Richmond,May,2015.0,z,email,True,2015,True,
6768,0,ADULT,3,12,45 to 54 years,X,Main Library,April,2016.0,z,email,True,2016,True,
248897,0,ADULT,38,20,25 to 34 years,M4,Merced,September,2015.0,p,phone,False,2012,True,
166808,0,ADULT,196,7,45 to 54 years,M6,Mission,July,2016.0,p,phone,False,2010,True,
236148,0,ADULT,17,1,45 to 54 years,E9,Excelsior,May,2016.0,z,email,True,2003,True,
297473,0,ADULT,1,2,45 to 54 years,W4,Western Addition,January,2015.0,z,email,True,2014,True,
349204,2,YOUNG ADULT,15,0,10 to 19 years,O7,Ortega,January,2015.0,z,email,True,2014,True,
395140,0,ADULT,9,0,65 to 74 years,X,Main Library,February,2015.0,z,email,True,2003,True,
48739,10,VISITOR,9,0,20 to 24 years,M6,Mission,October,2015.0,z,email,True,2015,True,
68115,0,ADULT,44,2,45 to 54 years,X,Main Library,August,2015.0,z,email,True,2014,True,
284656,3,SENIOR,4,12,65 to 74 years,R3,Richmond,May,2015.0,p,phone,False,2015,True,
198580,0,ADULT,20,2,20 to 24 years,X,Main Library,May,2015.0,a,print,False,2014,True,6.0
78641,0,ADULT,20,0,25 to 34 years,X,Main Library,July,2016.0,z,email,True,2016,True,
23916,0,ADULT,29,86,25 to 34 years,X,Main Library,March,2015.0,z,email,True,2014,True,
194703,0,ADULT,14,0,35 to 44 years,E9,Excelsior,July,2015.0,z,email,True,2010,True,
75238,0,ADULT,48,6,60 to 64 years,X,Main Library,February,2015.0,z,email,True,2003,True,
147948,0,ADULT,4,7,35 to 44 years,X,Main Library,July,2016.0,z,email,True,2015,True,
297641,0,ADULT,2,6,25 to 34 years,X,Main Library,February,2015.0,z,email,True,2014,True,
299522,0,ADULT,5,0,25 to 34 years,X,Main Library,January,2015.0,z,email,True,2014,True,
167452,0,ADULT,8,23,35 to 44 years,X,Main Library,May,2016.0,z,email,True,2010,True,
132442,0,ADULT,3,0,55 to 59 years,X,Main Library,September,2015.0,z,email,True,2015,True,
133794,0,ADULT,1,2,55 to 59 years,X,Main Library,March,2015.0,z,email,True,2010,True,
134020,0,ADULT,8,5,25 to 34 years,X,Main Library,April,2015.0,z,email,True,2011,True,
6525,0,ADULT,1,0,60 to 64 years,X,Main Library,June,2015.0,z,email,True,2013,True,
374192,2,YOUNG ADULT,10,0,10 to 19 years,X,Main Library,June,2016.0,a,print,False,2011,True,
282547,0,ADULT,51,68,25 to 34 years,X,Main Library,January,2016.0,z,email,True,2014,True,
298216,0,ADULT,7,12,45 to 54 years,X,Main Library,February,2016.0,z,email,True,2015,True,
178002,3,SENIOR,93,72,65 to 74 years,X,Main Library,May,2016.0,z,email,True,2009,True,
22965,0,ADULT,23,22,35 to 44 years,X,Main Library,July,2016.0,z,email,True,2009,True,
92021,0,ADULT,102,109,35 to 44 years,X,Main Library,July,2016.0,z,email,True,2008,True,
84565,0,ADULT,33,21,20 to 24 years,X,Main Library,February,2016.0,z,email,True,2014,True,
254413,0,ADULT,4,0,20 to 24 years,X,Main Library,March,2016.0,p,phone,False,2016,True,
88339,0,ADULT,4,0,45 to 54 years,X,Main Library,April,2016.0,z,email,True,2016,True,
88066,0,ADULT,1,0,60 to 64 years,X,Main Library,October,2015.0,z,email,True,2015,True,
88857,0,ADULT,2,0,25 to 34 years,X,Main Library,June,2015.0,z,email,True,2015,True,
180509,0,ADULT,2,0,35 to 44 years,M8,Mission Bay,June,2016.0,z,email,True,2015,True,
208925,0,ADULT,27,2,45 to 54 years,W2,West Portal,June,2015.0,z,email,True,2014,True,
190496,0,ADULT,4,12,25 to 34 years,X,Main Library,August,2015.0,z,email,True,2015,True,
84233,0,ADULT,197,103,35 to 44 years,M8,Mission Bay,July,2016.0,z,email,True,2011,True,
71863,0,ADULT,22,23,25 to 34 years,X,Main Library,May,2016.0,z,email,True,2016,True,
114444,0,ADULT,0,0,25 to 34 years,X,Main Library,May,2015.0,z,email,True,2015,True,
24742,0,ADULT,6,6,55 to 59 years,X,Main Library,May,2016.0,z,email,True,2016,True,
97455,0,ADULT,65,0,55 to 59 years,M4,Merced,April,2015.0,z,email,True,2014,True,
414876,0,ADULT,1,3,25 to 34 years,X,Main Library,April,2016.0,z,email,True,2016,True,
169610,3,SENIOR,27,72,65 to 74 years,X,Main Library,January,2016.0,z,email,True,2015,True,
219456,0,ADULT,1,0,45 to 54 years,S7,Sunset,March,2016.0,z,email,True,2016,True,
22661,0,ADULT,5,0,25 to 34 years,M8,Mission Bay,July,2016.0,z,email,True,2012,True,
60142,0,ADULT,1,2,25 to 34 years,X,Main Library,July,2015.0,z,email,True,2015,True,
274145,3,SENIOR,5,15,65 to 74 years,X,Main Library,June,2015.0,z,email,True,2015,True,
99496,0,ADULT,117,45,20 to 24 years,P3,Parkside,January,2016.0,z,email,True,2007,True,
297506,4,WELCOME,1,0,20 to 24 years,P3,Parkside,May,2015.0,z,email,True,2015,True,
162182,3,SENIOR,100,36,65 to 74 years,X,Main Library,July,2016.0,z,email,True,2003,True,
279014,0,ADULT,2,0,35 to 44 years,X,Main Library,October,2015.0,z,email,True,2010,True,
200785,3,SENIOR,1,0,65 to 74 years,M4,Merced,June,2016.0,z,email,True,2016,True,
201672,0,ADULT,2,0,55 to 59 years,X,Main Library,April,2015.0,z,email,True,2015,True,
61873,0,ADULT,45,48,60 to 64 years,E9,Excelsior,March,2015.0,z,email,True,2014,True,
4521,4,WELCOME,1,0,20 to 24 years,X,Main Library,January,2016.0,z,email,True,2015,True,
287179,0,ADULT,1,1,25 to 34 years,G4,Glen Park,July,2016.0,z,email,True,2016,True,
174055,0,ADULT,7,0,45 to 54 years,M6,Mission,February,2016.0,a,print,False,2016,True,
157118,0,ADULT,210,243,25 to 34 years,E9,Excelsior,August,2015.0,z,email,True,2011,True,
111259,0,ADULT,11,21,45 to 54 years,X,Main Library,January,2016.0,z,email,True,2011,True,
409260,0,ADULT,236,50,35 to 44 years,M8,Mission Bay,April,2016.0,z,email,True,2014,True,
180036,0,ADULT,22,1,20 to 24 years,X,Main Library,July,2016.0,z,email,True,2010,True,
392348,1,JUVENILE,2,1,10 to 19 years,X,Main Library,July,2016.0,z,email,True,2014,True,
314554,0,ADULT,5,1,10 to 19 years,X,Main Library,July,2016.0,z,email,True,2015,True,
142744,0,ADULT,1,4,25 to 34 years,X,Main Library,November,2015.0,z,email,True,2015,True,
252250,0,ADULT,36,0,35 to 44 years,W2,West Portal,July,2015.0,p,phone,False,2003,True,
172278,0,ADULT,94,15,55 to 59 years,M8,Mission Bay,April,2015.0,z,email,True,2007,True,
11690,3,SENIOR,3,3,65 to 74 years,X,Main Library,April,2015.0,z,email,True,2015,True,
97986,0,ADULT,18,0,25 to 34 years,M4,Merced,January,2016.0,p,phone,False,2014,True,
138641,0,ADULT,123,247,55 to 59 years,W4,Western Addition,May,2016.0,z,email,True,2009,True,
180044,0,ADULT,0,0,45 to 54 years,R3,Richmond,December,2015.0,z,email,True,2015,True,
133555,0,ADULT,11,23,25 to 34 years,X,Main Library,July,2016.0,z,email,True,2015,True,
292832,0,ADULT,14,16,45 to 54 years,X,Main Library,August,2015.0,z,email,True,2011,True,
237946,0,ADULT,24,1,25 to 34 years,X,Main Library,March,2016.0,z,email,True,2010,True,
25525,0,ADULT,0,0,45 to 54 years,X,Main Library,March,2015.0,z,email,True,2014,True,
275920,0,ADULT,12,0,20 to 24 years,X,Main Library,September,2015.0,z,email,True,2014,True,
316655,1,JUVENILE,142,2,10 to 19 years,C2,Chinatown,June,2016.0,a,print,False,2015,True,
28060,0,ADULT,127,116,45 to 54 years,M4,Merced,February,2015.0,z,email,True,2003,True,
124652,0,ADULT,3,1,60 to 64 years,X,Main Library,March,2016.0,a,print,False,2016,True,
143755,0,ADULT,80,79,55 to 59 years,X,Main Library,July,2015.0,z,email,True,2010,True,
236984,3,SENIOR,96,63,65 to 74 years,W4,Western Addition,July,2016.0,p,phone,False,2008,True,
62696,0,ADULT,2,1,25 to 34 years,M2,Marina,April,2016.0,z,email,True,2015,True,
13032,0,ADULT,88,0,45 to 54 years,X,Main Library,March,2015.0,z,email,True,2013,True,
12711,0,ADULT,5,0,25 to 34 years,E9,Excelsior,June,2015.0,a,print,False,2010,True,
21,0,ADULT,228,200,45 to 54 years,X,Main Library,July,2016.0,z,email,True,2003,True,
55098,0,ADULT,29,23,35 to 44 years,M8,Mission Bay,July,2016.0,z,email,True,2015,True,
118508,0,ADULT,6,2,45 to 54 years,X,Main Library,November,2015.0,z,email,True,2013,True,
1845,0,ADULT,4,0,35 to 44 years,W2,West Portal,April,2015.0,z,email,True,2015,True,
209393,0,ADULT,31,21,35 to 44 years,X,Main Library,July,2016.0,z,email,True,2013,True,
114733,0,ADULT,26,7,25 to 34 years,X,Main Library,October,2015.0,z,email,True,2005,True,
23343,0,ADULT,238,80,35 to 44 years,M6,Mission,June,2016.0,p,phone,False,2008,True,
371895,2,YOUNG ADULT,46,19,10 to 19 years,X,Main Library,September,2015.0,z,email,True,2011,True,
85932,0,ADULT,15,4,35 to 44 years,X,Main Library,June,2016.0,z,email,True,2015,True,
65969,0,ADULT,2,2,25 to 34 years,X,Main Library,July,2016.0,z,email,True,2016,True,
233671,0,ADULT,51,2,20 to 24 years,M6,Mission,May,2015.0,z,email,True,2006,True,
291344,0,ADULT,57,35,60 to 64 years,X,Main Library,June,2016.0,z,email,True,2003,True,
232202,0,ADULT,169,34,35 to 44 years,E9,Excelsior,February,2015.0,z,email,True,2013,True,
155289,0,ADULT,208,90,35 to 44 years,C2,Chinatown,May,2016.0,z,email,True,2007,True,
192903,0,ADULT,115,0,60 to 64 years,X,Main Library,July,2016.0,z,email,True,2014,True,
208581,0,ADULT,0,0,25 to 34 years,X,Main Library,April,2015.0,z,email,True,2012,True,
90776,0,ADULT,2,0,65 to 74 years,X,Main Library,January,2015.0,z,email,True,2013,True,
83435,0,ADULT,2,2,20 to 24 years,M4,Merced,September,2015.0,z,email,True,2015,True,
265457,0,ADULT,2,2,55 to 59 years,X,Main Library,February,2015.0,z,email,True,2012,True,
369703,0,ADULT,142,14,10 to 19 years,X,Main Library,June,2016.0,p,phone,True,2015,True,
210669,0,ADULT,8,6,45 to 54 years,X,Main Library,April,2016.0,z,email,True,2003,True,
272445,0,ADULT,73,28,35 to 44 years,I5,Ingleside,July,2016.0,z,email,True,2016,True,
220815,0,ADULT,6,0,25 to 34 years,E9,Excelsior,July,2016.0,a,print,False,2015,True,
21572,0,ADULT,59,11,35 to 44 years,W4,Western Addition,July,2016.0,z,email,True,2003,True,
240683,0,ADULT,62,42,45 to 54 years,W4,Western Addition,February,2016.0,z,email,True,2003,True,
32227,0,ADULT,31,21,60 to 64 years,M8,Mission Bay,July,2016.0,z,email,True,2015,True,
143061,0,ADULT,9,0,25 to 34 years,X,Main Library,June,2015.0,z,email,True,2015,True,
32874,0,ADULT,162,109,45 to 54 years,X,Main Library,July,2016.0,z,email,True,2010,True,
90524,3,SENIOR,3,0,20 to 24 years,O7,Ortega,March,2015.0,a,print,False,2015,True,
5144,0,ADULT,10,0,25 to 34 years,X,Main Library,March,2015.0,z,email,True,2015,True,
263002,3,SENIOR,234,125,65 to 74 years,X,Main Library,July,2016.0,z,email,True,2003,True,
91260,0,ADULT,6,0,25 to 34 years,X,Main Library,November,2015.0,z,email,True,2011,True,
271159,0,ADULT,10,9,20 to 24 years,X,Main Library,November,2015.0,z,email,True,2015,True,
229898,0,ADULT,2,6,20 to 24 years,M8,Mission Bay,January,2015.0,z,email,True,2012,True,
160368,0,ADULT,3,3,25 to 34 years,M6,Mission,December,2015.0,z,email,True,2014,True,
134426,3,SENIOR,117,45,65 to 74 years,P3,Parkside,July,2016.0,z,email,True,2003,True,
61370,0,ADULT,8,6,35 to 44 years,X,Main Library,March,2016.0,z,email,True,2014,True,
37985,0,ADULT,8,0,25 to 34 years,X,Main Library,May,2016.0,z,email,True,2014,True,
211160,0,ADULT,1,2,45 to 54 years,X,Main Library,April,2016.0,z,email,True,2016,True,
25228,0,ADULT,2,2,25 to 34 years,X,Main Library,March,2015.0,z,email,True,2015,True,
19835,0,ADULT,2,6,60 to 64 years,X,Main Library,May,2016.0,z,email,True,2014,True,
342716,2,YOUNG ADULT,100,43,10 to 19 years,W2,West Portal,June,2015.0,z,email,True,2010,True,
276650,0,ADULT,8,2,35 to 44 years,X,Main Library,April,2015.0,a,print,False,2003,True,
101502,0,ADULT,1,0,45 to 54 years,X,Main Library,February,2016.0,z,email,True,2015,True,
56555,0,ADULT,4,0,25 to 34 years,X,Main Library,October,2015.0,z,email,True,2015,True,
398130,0,ADULT,10,16,25 to 34 years,X,Main Library,February,2016.0,z,email,True,2014,True,
31189,0,ADULT,136,39,35 to 44 years,X,Main Library,July,2016.0,z,email,True,2012,True,
1132,0,ADULT,221,140,55 to 59 years,X,Main Library,March,2016.0,z,email,True,2003,True,
17981,0,ADULT,2,3,45 to 54 years,M2,Marina,June,2016.0,z,email,True,2016,True,
176680,0,ADULT,16,0,55 to 59 years,O7,Ortega,February,2016.0,p,phone,False,2014,True,
48628,0,ADULT,3,0,45 to 54 years,W2,West Portal,January,2016.0,z,email,True,2003,True,
29249,0,ADULT,2,7,25 to 34 years,C2,Chinatown,August,2015.0,z,email,True,2014,True,
262214,0,ADULT,46,27,60 to 64 years,X,Main Library,April,2015.0,z,email,True,2007,True,
47931,0,ADULT,5,0,25 to 34 years,X,Main Library,July,2016.0,p,phone,False,2015,True,
53970,4,WELCOME,2,1,45 to 54 years,X,Main Library,June,2015.0,z,email,True,2015,True,
39270,0,ADULT,1,1,35 to 44 years,X,Main Library,October,2015.0,z,email,True,2015,True,
386743,2,YOUNG ADULT,6,3,10 to 19 years,X,Main Library,September,2015.0,z,email,True,2012,True,
70288,4,WELCOME,9,0,25 to 34 years,X,Main Library,July,2015.0,z,email,True,2015,True,
135332,0,ADULT,67,165,25 to 34 years,X,Main Library,July,2016.0,z,email,True,2010,True,
336021,1,JUVENILE,90,3,10 to 19 years,C2,Chinatown,July,2015.0,a,print,True,2013,True,
34463,0,ADULT,50,22,25 to 34 years,W2,West Portal,June,2016.0,z,email,True,2003,True,
33133,0,ADULT,13,3,45 to 54 years,M8,Mission Bay,March,2016.0,z,email,True,2014,True,
334662,0,ADULT,4,3,10 to 19 years,X,Main Library,July,2016.0,z,email,True,2009,True,
155158,0,ADULT,6,2,45 to 54 years,R3,Richmond,January,2015.0,z,email,True,2014,True,
127490,3,SENIOR,65,1,65 to 74 years,X,Main Library,March,2016.0,p,phone,False,2003,True,
238110,0,ADULT,56,8,35 to 44 years,X,Main Library,September,2015.0,z,email,True,2007,True,
46710,0,ADULT,80,74,25 to 34 years,X,Main Library,November,2015.0,z,email,True,2008,True,
23830,0,ADULT,4,4,35 to 44 years,X,Main Library,June,2015.0,z,email,True,2015,True,
313284,1,JUVENILE,8,0,10 to 19 years,M6,Mission,April,2015.0,p,phone,False,2014,True,
187694,0,ADULT,1,0,25 to 34 years,X,Main Library,August,2015.0,z,email,True,2015,True,
113404,0,ADULT,2,3,25 to 34 years,X,Main Library,February,2015.0,z,email,True,2015,True,
63218,0,ADULT,8,18,25 to 34 years,X,Main Library,March,2016.0,z,email,True,2015,True,
19,0,ADULT,93,64,60 to 64 years,X,Main Library,February,2015.0,z,email,True,2003,True,
203148,0,ADULT,11,3,25 to 34 years,X,Main Library,July,2016.0,z,email,True,2015,True,
318838,1,JUVENILE,5,0,10 to 19 years,W2,West Portal,December,2015.0,a,print,False,2015,True,
52610,0,ADULT,120,24,45 to 54 years,X,Main Library,July,2016.0,z,email,True,2009,True,
199173,0,ADULT,55,0,35 to 44 years,X,Main Library,January,2016.0,z,email,True,2015,True,
12513,0,ADULT,26,5,35 to 44 years,M8,Mission Bay,November,2015.0,z,email,True,2006,True,
123134,0,ADULT,30,8,55 to 59 years,S7,Sunset,July,2016.0,z,email,True,2003,True,
253081,0,ADULT,3,0,20 to 24 years,X,Main Library,June,2015.0,z,email,True,2015,True,
106150,0,ADULT,3,1,35 to 44 years,X,Main Library,January,2016.0,z,email,True,2015,True,
94242,0,ADULT,1,0,35 to 44 years,M4,Merced,November,2015.0,z,email,True,2015,True,
241921,0,ADULT,29,47,20 to 24 years,M6,Mission,July,2015.0,z,email,True,2013,True,
298155,0,ADULT,35,23,25 to 34 years,M8,Mission Bay,June,2016.0,z,email,True,2010,True,
186547,0,ADULT,16,0,25 to 34 years,E9,Excelsior,January,2015.0,p,phone,False,2015,True,
200695,3,SENIOR,11,5,65 to 74 years,X,Main Library,June,2015.0,z,email,True,2003,True,
193613,0,ADULT,2,0,20 to 24 years,X,Main Library,May,2015.0,z,email,True,2015,True,
332074,2,YOUNG ADULT,133,67,10 to 19 years,O7,Ortega,April,2016.0,z,email,True,2007,True,
261572,0,ADULT,7,0,25 to 34 years,P3,Parkside,March,2015.0,z,email,True,2015,True,
30820,0,ADULT,10,7,60 to 64 years,X,Main Library,March,2016.0,z,email,True,2012,True,
92920,0,ADULT,6,0,20 to 24 years,E9,Excelsior,May,2016.0,z,email,True,2015,True,
89713,0,ADULT,2,0,60 to 64 years,X,Main Library,March,2016.0,z,email,True,2013,True,
111147,0,ADULT,224,230,25 to 34 years,M4,Merced,October,2015.0,z,email,True,2010,True,
225993,0,ADULT,1,0,25 to 34 years,M2,Marina,July,2015.0,z,email,True,2015,True,
120335,0,ADULT,115,47,45 to 54 years,X,Main Library,March,2016.0,z,email,True,2009,True,
217291,0,ADULT,130,135,35 to 44 years,X,Main Library,March,2015.0,z,email,True,2013,True,
141071,0,ADULT,11,12,55 to 59 years,X,Main Library,November,2015.0,z,email,True,2014,True,
363392,2,YOUNG ADULT,2,0,10 to 19 years,X,Main Library,September,2015.0,z,email,True,2011,True,
346969,0,ADULT,2,2,45 to 54 years,X,Main Library,March,2016.0,z,email,True,2016,True,
270048,3,SENIOR,61,34,65 to 74 years,X,Main Library,February,2016.0,z,email,True,2013,True,
407064,1,JUVENILE,4,0,10 to 19 years,W2,West Portal,February,2016.0,z,email,True,2016,True,
345522,1,JUVENILE,1,0,10 to 19 years,M4,Merced,May,2016.0,z,email,True,2016,True,
312648,10,VISITOR,1,0,65 to 74 years,X,Main Library,July,2015.0,z,email,True,2015,True,
313999,1,JUVENILE,28,5,10 to 19 years,E9,Excelsior,June,2016.0,z,email,True,2011,True,
233220,4,WELCOME,0,0,25 to 34 years,M6,Mission,February,2015.0,z,email,True,2015,True,
300744,0,ADULT,0,0,60 to 64 years,X,Main Library,March,2016.0,z,email,True,2014,True,
148141,0,ADULT,1,0,45 to 54 years,X,Main Library,May,2016.0,z,email,True,2016,True,
217399,0,ADULT,84,30,25 to 34 years,X,Main Library,June,2015.0,z,email,True,2009,True,
271635,0,ADULT,6,0,45 to 54 years,E9,Excelsior,October,2015.0,z,email,True,2008,True,
239630,0,ADULT,20,18,25 to 34 years,X,Main Library,February,2015.0,z,email,True,2012,True,
179554,0,ADULT,8,4,35 to 44 years,X,Main Library,January,2016.0,z,email,True,2014,True,
168626,0,ADULT,1,0,35 to 44 years,X,Main Library,December,2015.0,z,email,True,2014,True,
209985,3,SENIOR,31,0,65 to 74 years,C2,Chinatown,May,2015.0,a,print,False,2012,True,
301494,0,ADULT,10,7,20 to 24 years,I5,Ingleside,May,2016.0,z,email,True,2016,True,
85630,0,ADULT,22,41,60 to 64 years,E9,Excelsior,June,2016.0,a,print,True,2011,True,
116213,0,ADULT,26,30,25 to 34 years,M6,Mission,May,2016.0,z,email,True,2014,True,
262801,0,ADULT,85,163,25 to 34 years,R3,Richmond,December,2015.0,z,email,True,2003,True,
99563,0,ADULT,4,0,35 to 44 years,M8,Mission Bay,June,2016.0,z,email,True,2014,True,
290614,0,ADULT,3,0,35 to 44 years,X,Main Library,March,2016.0,z,email,True,2016,True,
233688,0,ADULT,10,5,60 to 64 years,X,Main Library,November,2015.0,z,email,True,2011,True,
294888,0,ADULT,57,59,35 to 44 years,M8,Mission Bay,July,2016.0,z,email,True,2013,True,
27892,0,ADULT,77,39,35 to 44 years,M8,Mission Bay,July,2016.0,z,email,True,2015,True,
126889,0,ADULT,1,0,20 to 24 years,R3,Richmond,October,2015.0,z,email,True,2015,True,
12527,0,ADULT,175,283,55 to 59 years,M6,Mission,July,2016.0,z,email,True,2013,True,
242582,0,ADULT,34,38,60 to 64 years,X,Main Library,July,2016.0,z,email,True,2003,True,
171766,0,ADULT,6,0,35 to 44 years,C2,Chinatown,July,2016.0,z,email,True,2016,True,
251568,0,ADULT,11,9,25 to 34 years,X,Main Library,July,2015.0,z,email,True,2012,True,
237243,0,ADULT,3,0,25 to 34 years,X,Main Library,March,2016.0,p,phone,False,2016,True,
324268,16,DIGITAL ACCESS CARD,1,0,10 to 19 years,M4,Merced,May,2016.0,z,email,True,2016,True,
398732,0,ADULT,1,0,10 to 19 years,X,Main Library,August,2015.0,z,email,True,2014,True,
406677,2,YOUNG ADULT,6,0,10 to 19 years,M4,Merced,June,2015.0,z,email,True,2011,True,
27947,4,WELCOME,1,0,25 to 34 years,M8,Mission Bay,April,2015.0,z,email,True,2015,True,
77487,3,SENIOR,17,1,65 to 74 years,X,Main Library,June,2016.0,z,email,True,2012,True,
215502,0,ADULT,6,6,20 to 24 years,X,Main Library,July,2016.0,z,email,True,2015,True,
238207,0,ADULT,2,0,35 to 44 years,X,Main Library,July,2016.0,z,email,True,2016,True,
272032,0,ADULT,2,0,25 to 34 years,X,Main Library,July,2015.0,z,email,True,2012,True,
49438,0,ADULT,12,3,25 to 34 years,E9,Excelsior,February,2016.0,z,email,True,2013,True,
224758,0,ADULT,101,147,55 to 59 years,X,Main Library,July,2016.0,z,email,True,2003,True,
181462,0,ADULT,3,10,35 to 44 years,M2,Marina,June,2016.0,z,email,True,2016,True,
48146,0,ADULT,36,9,20 to 24 years,X,Main Library,April,2016.0,z,email,True,2010,True,
14139,0,ADULT,148,158,25 to 34 years,X,Main Library,May,2016.0,z,email,True,2012,True,
167064,0,ADULT,128,63,60 to 64 years,X,Main Library,April,2016.0,z,email,True,2009,True,
92006,0,ADULT,48,0,25 to 34 years,M6,Mission,March,2016.0,p,phone,False,2015,True,
105292,0,ADULT,206,61,55 to 59 years,E9,Excelsior,August,2015.0,z,email,True,2008,True,
110969,0,ADULT,3,0,55 to 59 years,X,Main Library,March,2016.0,z,email,True,2016,True,
259974,0,ADULT,38,21,55 to 59 years,X,Main Library,July,2016.0,z,email,True,2010,True,
148558,0,ADULT,7,14,35 to 44 years,X,Main Library,April,2015.0,z,email,True,2015,True,
142682,0,ADULT,3,2,20 to 24 years,X,Main Library,July,2016.0,z,email,True,2010,True,
128214,0,ADULT,122,145,35 to 44 years,X,Main Library,March,2016.0,z,email,True,2003,True,
135011,0,ADULT,6,0,55 to 59 years,E9,Excelsior,May,2016.0,p,phone,False,2016,True,
192081,0,ADULT,79,70,35 to 44 years,C2,Chinatown,August,2015.0,z,email,True,2003,True,
288428,3,SENIOR,4,0,65 to 74 years,G4,Glen Park,February,2015.0,z,email,True,2013,True,
216387,3,SENIOR,139,48,65 to 74 years,M4,Merced,July,2016.0,z,email,True,2003,True,
56453,16,DIGITAL ACCESS CARD,0,0,45 to 54 years,X,Main Library,March,2016.0,z,email,True,2016,True,
351871,0,ADULT,1,0,45 to 54 years,X,Main Library,April,2016.0,p,phone,False,2016,True,
60598,0,ADULT,118,130,25 to 34 years,X,Main Library,June,2016.0,z,email,True,2014,True,
4075,0,ADULT,12,0,35 to 44 years,X,Main Library,February,2016.0,z,email,True,2016,True,
208361,0,ADULT,35,0,55 to 59 years,M6,Mission,May,2016.0,z,email,True,2013,True,
245507,4,WELCOME,6,0,35 to 44 years,M4,Merced,May,2016.0,z,email,True,2014,True,
56822,0,ADULT,4,3,20 to 24 years,X,Main Library,November,2015.0,p,phone,False,2015,True,
259717,0,ADULT,102,217,35 to 44 years,X,Main Library,June,2016.0,z,email,True,2005,True,
280449,0,ADULT,39,9,35 to 44 years,X,Main Library,November,2015.0,p,phone,False,2008,True,
115807,0,ADULT,20,49,35 to 44 years,X,Main Library,March,2016.0,z,email,True,2012,True,
378460,1,JUVENILE,26,3,10 to 19 years,X,Main Library,January,2015.0,z,email,True,2012,True,
320299,0,ADULT,70,12,35 to 44 years,M6,Mission,February,2016.0,z,email,True,2014,True,
261063,0,ADULT,5,3,20 to 24 years,X,Main Library,January,2015.0,z,email,True,2012,True,
118494,0,ADULT,23,6,35 to 44 years,X,Main Library,September,2015.0,p,phone,True,2008,True,
80920,0,ADULT,2,2,25 to 34 years,X,Main Library,March,2016.0,z,email,True,2016,True,
396315,0,ADULT,27,24,25 to 34 years,M4,Merced,April,2016.0,z,email,True,2011,True,
217046,3,SENIOR,2,0,65 to 74 years,I5,Ingleside,April,2015.0,z,email,True,2012,True,
209970,0,ADULT,28,3,25 to 34 years,X,Main Library,January,2016.0,z,email,True,2015,True,
44637,0,ADULT,1,1,20 to 24 years,X,Main Library,May,2016.0,z,email,True,2016,True,
350677,0,ADULT,102,37,65 to 74 years,X,Main Library,June,2016.0,z,email,True,2011,True,
286874,0,ADULT,214,313,25 to 34 years,X,Main Library,July,2016.0,z,email,True,2011,True,
7148,0,ADULT,6,18,35 to 44 years,X,Main Library,June,2015.0,z,email,True,2014,True,
351780,1,JUVENILE,56,15,10 to 19 years,P3,Parkside,May,2016.0,z,email,True,2011,True,
279259,0,ADULT,157,18,25 to 34 years,W4,Western Addition,June,2015.0,z,email,True,2009,True,
356262,0,ADULT,4,0,10 to 19 years,X,Main Library,July,2016.0,z,email,True,2016,True,
65281,0,ADULT,26,7,25 to 34 years,X,Main Library,July,2016.0,z,email,True,2015,True,
227500,0,ADULT,12,9,25 to 34 years,X,Main Library,July,2015.0,z,email,True,2015,True,
377834,0,ADULT,1,0,10 to 19 years,M4,Merced,June,2016.0,p,phone,True,2016,True,
180046,0,ADULT,8,1,25 to 34 years,X,Main Library,April,2015.0,z,email,True,2014,True,
47240,0,ADULT,70,27,60 to 64 years,R3,Richmond,June,2015.0,z,email,True,2009,True,
274994,3,SENIOR,7,0,65 to 74 years,X,Main Library,April,2015.0,z,email,True,2012,True,
24447,0,ADULT,105,1,35 to 44 years,R3,Richmond,July,2016.0,p,phone,True,2008,True,
33422,0,ADULT,20,28,45 to 54 years,S7,Sunset,June,2015.0,z,email,True,2011,True,
219195,0,ADULT,5,0,45 to 54 years,M8,Mission Bay,January,2015.0,z,email,True,2013,True,
263703,0,ADULT,8,5,25 to 34 years,X,Main Library,February,2015.0,z,email,True,2010,True,
131088,0,ADULT,32,6,55 to 59 years,X,Main Library,December,2015.0,a,print,False,2007,True,
211828,0,ADULT,54,19,45 to 54 years,G4,Glen Park,January,2016.0,z,email,True,2009,True,
46343,4,WELCOME,2,4,35 to 44 years,X,Main Library,April,2015.0,z,email,True,2014,True,
19522,0,ADULT,14,3,35 to 44 years,X,Main Library,August,2015.0,a,print,False,2006,True,
213082,0,ADULT,13,2,25 to 34 years,X,Main Library,July,2016.0,z,email,True,2015,True,
85229,0,ADULT,6,0,25 to 34 years,R3,Richmond,July,2016.0,z,email,True,2015,True,
251553,0,ADULT,89,138,45 to 54 years,M2,Marina,January,2015.0,z,email,True,2006,True,
170861,0,ADULT,9,15,25 to 34 years,M4,Merced,February,2016.0,z,email,True,2015,True,
50532,5,STAFF,19,3,20 to 24 years,X,Main Library,July,2016.0,z,email,True,2015,True,
150052,0,ADULT,2,0,35 to 44 years,X,Main Library,February,2015.0,z,email,True,2012,True,
105528,0,ADULT,136,54,35 to 44 years,X,Main Library,July,2016.0,z,email,True,2011,True,
69080,0,ADULT,10,0,25 to 34 years,X,Main Library,April,2015.0,z,email,True,2014,True,
136010,0,ADULT,81,4,35 to 44 years,O7,Ortega,July,2016.0,z,email,True,2013,True,
291936,0,ADULT,46,43,55 to 59 years,X,Main Library,January,2016.0,z,email,True,2011,True,
316390,1,JUVENILE,18,2,10 to 19 years,M4,Merced,February,2016.0,p,phone,False,2008,True,
415131,4,WELCOME,0,0,25 to 34 years,X,Main Library,May,2015.0,z,email,True,2010,True,
91291,0,ADULT,6,0,20 to 24 years,X,Main Library,June,2016.0,z,email,True,2016,True,
77403,0,ADULT,20,36,25 to 34 years,X,Main Library,August,2015.0,z,email,True,2013,True,
266530,0,ADULT,38,16,35 to 44 years,X,Main Library,April,2016.0,z,email,True,2015,True,
23075,0,ADULT,9,20,45 to 54 years,R3,Richmond,April,2016.0,z,email,True,2009,True,
127962,0,ADULT,9,0,55 to 59 years,E9,Excelsior,April,2015.0,z,email,True,2013,True,
149809,4,WELCOME,0,0,25 to 34 years,I5,Ingleside,October,2015.0,z,email,True,2015,True,
244454,0,ADULT,58,41,25 to 34 years,I5,Ingleside,August,2015.0,z,email,True,2010,True,
31174,0,ADULT,153,115,45 to 54 years,M4,Merced,June,2015.0,z,email,True,2003,True,
23176,0,ADULT,12,7,35 to 44 years,C2,Chinatown,July,2016.0,z,email,True,2016,True,
131717,0,ADULT,7,0,55 to 59 years,G4,Glen Park,February,2016.0,z,email,True,2013,True,
142743,0,ADULT,1,4,25 to 34 years,X,Main Library,November,2015.0,z,email,True,2015,True,
138884,0,ADULT,206,164,35 to 44 years,X,Main Library,July,2016.0,z,email,True,2012,True,
175042,0,ADULT,230,182,45 to 54 years,E9,Excelsior,July,2016.0,z,email,True,2003,True,
305689,0,ADULT,24,39,35 to 44 years,X,Main Library,August,2015.0,z,email,True,2007,True,
154348,0,ADULT,72,0,60 to 64 years,M2,Marina,January,2016.0,z,email,True,2003,True,
229344,0,ADULT,0,0,45 to 54 years,X,Main Library,March,2016.0,z,email,True,2016,True,
369240,0,ADULT,4,0,10 to 19 years,G4,Glen Park,July,2016.0,z,email,True,2015,True,
193802,0,ADULT,3,0,25 to 34 years,X,Main Library,March,2015.0,z,email,True,2007,True,
99168,0,ADULT,15,0,20 to 24 years,X,Main Library,March,2016.0,z,email,True,2011,True,
221779,0,ADULT,23,1,20 to 24 years,M6,Mission,July,2016.0,z,email,True,2016,True,
235718,3,SENIOR,0,0,65 to 74 years,M6,Mission,November,2015.0,z,email,True,2014,True,
45932,0,ADULT,17,18,25 to 34 years,X,Main Library,May,2016.0,z,email,True,2012,True,
325686,2,YOUNG ADULT,19,22,10 to 19 years,W2,West Portal,May,2016.0,p,phone,False,2013,True,
220006,0,ADULT,1,0,20 to 24 years,M4,Merced,April,2015.0,z,email,True,2015,True,
177967,0,ADULT,12,17,45 to 54 years,X,Main Library,October,2015.0,z,email,True,2015,True,
25334,0,ADULT,171,210,25 to 34 years,M2,Marina,February,2015.0,z,email,True,2004,True,
105574,0,ADULT,3,2,45 to 54 years,X,Main Library,May,2015.0,z,email,True,2015,True,
170253,0,ADULT,161,133,35 to 44 years,X,Main Library,July,2016.0,z,email,True,2004,True,
33351,0,ADULT,12,1,45 to 54 years,X,Main Library,March,2015.0,z,email,True,2008,True,
23206,0,ADULT,28,16,45 to 54 years,X,Main Library,July,2016.0,z,email,True,2016,True,
201586,0,ADULT,38,53,35 to 44 years,C2,Chinatown,May,2015.0,p,phone,True,2014,True,
375224,1,JUVENILE,6,0,10 to 19 years,X,Main Library,July,2015.0,p,phone,False,2015,True,
302777,0,ADULT,6,1,25 to 34 years,X,Main Library,February,2015.0,z,email,True,2012,True,
4318,0,ADULT,64,0,45 to 54 years,I5,Ingleside,March,2016.0,p,phone,False,2014,True,
24450,0,ADULT,4,4,25 to 34 years,X,Main Library,July,2016.0,z,email,True,2016,True,
289389,0,ADULT,73,24,35 to 44 years,M8,Mission Bay,December,2015.0,z,email,True,2010,True,
146579,3,SENIOR,9,7,65 to 74 years,X,Main Library,January,2016.0,z,email,True,2015,True,
192353,0,ADULT,0,0,60 to 64 years,X,Main Library,January,2016.0,z,email,True,2011,True,
22899,0,ADULT,4,0,35 to 44 years,M6,Mission,February,2015.0,z,email,True,2014,True,
188801,0,ADULT,4,2,25 to 34 years,X,Main Library,July,2016.0,z,email,True,2016,True,
256016,0,ADULT,18,11,35 to 44 years,X,Main Library,April,2016.0,z,email,True,2013,True,
376141,1,JUVENILE,217,178,10 to 19 years,X,Main Library,February,2016.0,z,email,True,2008,True,
18439,0,ADULT,67,37,45 to 54 years,X,Main Library,June,2016.0,z,email,True,2011,True,
406210,1,JUVENILE,29,0,10 to 19 years,P3,Parkside,October,2015.0,p,phone,False,2015,True,
111468,0,ADULT,2,2,35 to 44 years,X,Main Library,December,2015.0,z,email,True,2013,True,
365405,2,YOUNG ADULT,151,12,10 to 19 years,E9,Excelsior,May,2016.0,z,email,True,2008,True,
273834,0,ADULT,170,247,45 to 54 years,O7,Ortega,October,2015.0,z,email,True,2003,True,
31121,0,ADULT,6,0,20 to 24 years,X,Main Library,May,2016.0,z,email,True,2015,True,
2699,3,SENIOR,98,44,65 to 74 years,X,Main Library,July,2016.0,z,email,True,2013,True,
49549,0,ADULT,70,56,45 to 54 years,X,Main Library,June,2016.0,z,email,True,2006,True,
298792,0,ADULT,13,0,60 to 64 years,X,Main Library,July,2015.0,z,email,True,2007,True,7.0
261744,3,SENIOR,14,0,65 to 74 years,P3,Parkside,March,2015.0,z,email,True,2006,True,
25714,0,ADULT,162,130,35 to 44 years,R3,Richmond,March,2016.0,z,email,True,2006,True,
115628,0,ADULT,15,0,55 to 59 years,X,Main Library,February,2015.0,p,phone,False,2010,True,
214386,3,SENIOR,59,0,65 to 74 years,P3,Parkside,March,2016.0,p,phone,False,2014,True,
161400,0,ADULT,39,74,35 to 44 years,X,Main Library,November,2015.0,z,email,True,2014,True,
136448,0,ADULT,16,6,25 to 34 years,R3,Richmond,August,2015.0,z,email,True,2015,True,
243098,4,WELCOME,6,0,35 to 44 years,X,Main Library,May,2016.0,z,email,True,2015,True,
278443,0,ADULT,33,55,25 to 34 years,X,Main Library,June,2016.0,z,email,True,2015,True,
372987,1,JUVENILE,1,0,10 to 19 years,G4,Glen Park,August,2015.0,z,email,True,2015,True,
351317,4,WELCOME,1,0,10 to 19 years,M6,Mission,June,2015.0,p,phone,False,2012,True,
12165,3,SENIOR,0,0,65 to 74 years,M2,Marina,July,2016.0,z,email,True,2014,True,
217349,0,ADULT,216,17,60 to 64 years,X,Main Library,March,2015.0,z,email,True,2003,True,
411993,1,JUVENILE,75,17,10 to 19 years,S7,Sunset,November,2015.0,z,email,True,2009,True,
299729,0,ADULT,1,1,35 to 44 years,M8,Mission Bay,May,2016.0,z,email,True,2010,True,
50345,0,ADULT,5,3,35 to 44 years,M8,Mission Bay,January,2015.0,z,email,True,2012,True,
205419,0,ADULT,21,13,25 to 34 years,M8,Mission Bay,July,2016.0,z,email,True,2015,True,
132160,4,WELCOME,1,0,20 to 24 years,X,Main Library,August,2015.0,a,print,False,2015,True,
153944,0,ADULT,1,0,25 to 34 years,X,Main Library,December,2015.0,z,email,True,2012,True,
233082,0,ADULT,31,26,35 to 44 years,X,Main Library,July,2016.0,z,email,True,2013,True,
11620,0,ADULT,30,0,45 to 54 years,X,Main Library,August,2015.0,p,phone,False,2013,True,
5120,0,ADULT,4,0,35 to 44 years,X,Main Library,July,2016.0,z,email,True,2003,True,
53219,0,ADULT,58,25,45 to 54 years,X,Main Library,May,2016.0,z,email,True,2008,True,
179144,0,ADULT,6,3,55 to 59 years,S7,Sunset,May,2015.0,z,email,True,2011,True,
146373,0,ADULT,16,17,55 to 59 years,X,Main Library,July,2016.0,z,email,True,2014,True,
298521,3,SENIOR,13,42,65 to 74 years,W4,Western Addition,February,2016.0,z,email,True,2013,True,
109844,0,ADULT,5,0,25 to 34 years,X,Main Library,February,2016.0,z,email,True,2012,True,
3957,0,ADULT,4,1,35 to 44 years,M8,Mission Bay,October,2015.0,z,email,True,2015,True,
286179,0,ADULT,10,0,45 to 54 years,X,Main Library,February,2016.0,p,phone,False,2016,True,
299265,0,ADULT,1,0,25 to 34 years,X,Main Library,January,2016.0,z,email,True,2016,True,
422324,2,YOUNG ADULT,10,6,10 to 19 years,S7,Sunset,October,2015.0,z,email,True,2015,True,
8029,4,WELCOME,3,0,60 to 64 years,C2,Chinatown,June,2016.0,z,email,True,2016,True,
277796,0,ADULT,0,0,35 to 44 years,M8,Mission Bay,December,2015.0,z,email,True,2015,True,
236774,0,ADULT,6,18,35 to 44 years,X,Main Library,April,2015.0,z,email,True,2015,True,
294139,0,ADULT,10,29,45 to 54 years,X,Main Library,July,2016.0,z,email,True,2012,True,
112139,0,ADULT,1,0,35 to 44 years,R3,Richmond,June,2016.0,z,email,True,2015,True,
95349,3,SENIOR,4,4,65 to 74 years,X,Main Library,August,2015.0,z,email,True,2015,True,
131286,0,ADULT,0,0,60 to 64 years,X,Main Library,July,2015.0,z,email,True,2015,True,
166454,0,ADULT,1,0,45 to 54 years,E9,Excelsior,July,2016.0,z,email,True,2016,True,
129659,0,ADULT,22,4,25 to 34 years,X,Main Library,July,2016.0,z,email,True,2015,True,
245624,0,ADULT,11,20,45 to 54 years,X,Main Library,March,2016.0,z,email,True,2004,True,
48184,3,SENIOR,0,0,65 to 74 years,X,Main Library,May,2016.0,z,email,True,2016,True,
54980,0,ADULT,21,67,25 to 34 years,M6,Mission,July,2016.0,z,email,True,2011,True,
174433,0,ADULT,109,2,35 to 44 years,X,Main Library,October,2015.0,z,email,True,2014,True,
81508,0,ADULT,19,22,60 to 64 years,W4,Western Addition,March,2016.0,a,print,True,2003,True,
270411,0,ADULT,3,1,55 to 59 years,W2,West Portal,February,2015.0,z,email,True,2014,True,
130151,4,WELCOME,1,0,25 to 34 years,X,Main Library,January,2015.0,z,email,True,2014,True,
233939,0,ADULT,6,8,20 to 24 years,X,Main Library,August,2015.0,a,print,False,2015,True,
169681,0,ADULT,26,0,20 to 24 years,M4,Merced,April,2016.0,z,email,True,2015,True,
282294,0,ADULT,0,0,20 to 24 years,M8,Mission Bay,February,2016.0,z,email,True,2016,True,
420440,1,JUVENILE,7,7,10 to 19 years,X,Main Library,July,2015.0,z,email,True,2015,True,
182440,0,ADULT,28,32,25 to 34 years,X,Main Library,May,2016.0,z,email,True,2014,True,
132228,0,ADULT,27,54,45 to 54 years,X,Main Library,June,2016.0,z,email,True,2011,True,
276009,3,SENIOR,0,0,65 to 74 years,X,Main Library,November,2015.0,z,email,True,2015,True,
206852,0,ADULT,20,21,35 to 44 years,G4,Glen Park,December,2015.0,z,email,True,2013,True,
138518,0,ADULT,137,43,45 to 54 years,X,Main Library,July,2016.0,z,email,True,2003,True,
46690,0,ADULT,108,102,25 to 34 years,X,Main Library,July,2016.0,z,email,True,2013,True,
245681,0,ADULT,90,87,45 to 54 years,X,Main Library,November,2015.0,z,email,True,2003,True,
72314,0,ADULT,57,0,60 to 64 years,W2,West Portal,July,2016.0,z,email,True,2015,True,
41128,0,ADULT,20,18,25 to 34 years,X,Main Library,July,2016.0,z,email,True,2016,True,
191637,10,VISITOR,14,0,65 to 74 years,X,Main Library,November,2015.0,p,phone,False,2013,True,
180750,16,DIGITAL ACCESS CARD,1,0,20 to 24 years,X,Main Library,August,2015.0,z,email,True,2015,True,
216629,0,ADULT,99,39,25 to 34 years,X,Main Library,July,2015.0,z,email,True,2009,True,
192950,0,ADULT,156,86,25 to 34 years,E9,Excelsior,December,2015.0,z,email,True,2010,True,
298342,0,ADULT,15,16,25 to 34 years,X,Main Library,April,2016.0,z,email,True,2016,True,
231193,0,ADULT,192,94,45 to 54 years,X,Main Library,July,2016.0,z,email,True,2003,True,
196191,0,ADULT,1,0,25 to 34 years,M6,Mission,April,2016.0,z,email,True,2016,True,
208451,0,ADULT,168,9,45 to 54 years,G4,Glen Park,May,2016.0,z,email,True,2012,True,
142850,0,ADULT,102,14,25 to 34 years,X,Main Library,August,2015.0,z,email,True,2011,True,
18856,0,ADULT,0,0,35 to 44 years,X,Main Library,May,2016.0,z,email,True,2016,True,
186984,0,ADULT,4,9,35 to 44 years,X,Main Library,May,2015.0,z,email,True,2011,True,
266076,0,ADULT,15,9,25 to 34 years,M2,Marina,July,2016.0,z,email,True,2015,True,
275734,0,ADULT,37,21,35 to 44 years,M6,Mission,February,2015.0,z,email,True,2003,True,
159206,0,ADULT,36,4,60 to 64 years,M4,Merced,March,2015.0,z,email,True,2008,True,
295028,0,ADULT,34,0,25 to 34 years,X,Main Library,July,2016.0,z,email,True,2015,True,
235908,0,ADULT,95,121,25 to 34 years,X,Main Library,July,2016.0,z,email,True,2015,True,
99964,0,ADULT,2,4,45 to 54 years,X,Main Library,September,2015.0,z,email,True,2006,True,
175806,0,ADULT,42,2,25 to 34 years,X,Main Library,January,2015.0,z,email,True,2010,True,
54286,0,ADULT,2,2,25 to 34 years,W4,Western Addition,March,2015.0,z,email,True,2015,True,
108196,0,ADULT,6,6,35 to 44 years,X,Main Library,November,2015.0,z,email,True,2012,True,
259320,0,ADULT,1,0,35 to 44 years,X,Main Library,June,2016.0,z,email,True,2016,True,
143630,3,SENIOR,48,14,65 to 74 years,O7,Ortega,March,2015.0,z,email,True,2012,True,
222496,3,SENIOR,23,0,65 to 74 years,X,Main Library,May,2015.0,p,phone,False,2003,True,
250609,0,ADULT,25,64,35 to 44 years,G4,Glen Park,July,2016.0,z,email,True,2014,True,
6498,0,ADULT,7,1,25 to 34 years,X,Main Library,August,2015.0,z,email,True,2015,True,
251584,0,ADULT,77,109,25 to 34 years,M8,Mission Bay,July,2016.0,z,email,True,2013,True,
317539,2,YOUNG ADULT,2,0,10 to 19 years,X,Main Library,July,2015.0,p,phone,False,2015,True,
124980,3,SENIOR,31,0,65 to 74 years,S7,Sunset,August,2015.0,z,email,True,2015,True,
58107,0,ADULT,2,0,25 to 34 years,X,Main Library,February,2015.0,z,email,True,2015,True,
130856,0,ADULT,1,1,20 to 24 years,M4,Merced,November,2015.0,z,email,True,2015,True,
151305,0,ADULT,9,8,35 to 44 years,X,Main Library,February,2015.0,z,email,True,2013,True,
17339,0,ADULT,103,5,35 to 44 years,M8,Mission Bay,April,2016.0,z,email,True,2015,True,
29745,0,ADULT,0,0,35 to 44 years,C2,Chinatown,June,2016.0,z,email,True,2016,True,
149134,0,ADULT,27,23,45 to 54 years,M6,Mission,February,2015.0,z,email,True,2011,True,
100355,0,ADULT,49,50,45 to 54 years,X,Main Library,June,2016.0,z,email,True,2005,True,
190734,0,ADULT,20,33,25 to 34 years,X,Main Library,July,2016.0,z,email,True,2014,True,
158738,0,ADULT,211,3,45 to 54 years,X,Main Library,March,2016.0,z,email,True,2003,True,
289481,0,ADULT,16,4,25 to 34 years,X,Main Library,March,2016.0,a,print,False,2014,True,
304632,2,YOUNG ADULT,99,86,10 to 19 years,O7,Ortega,June,2016.0,z,email,True,2015,True,
93325,0,ADULT,93,29,45 to 54 years,W2,West Portal,July,2015.0,a,print,True,2003,True,
22167,4,WELCOME,0,0,45 to 54 years,C2,Chinatown,October,2015.0,z,email,True,2014,True,
164033,0,ADULT,108,146,45 to 54 years,M8,Mission Bay,July,2016.0,z,email,True,2008,True,
74535,0,ADULT,75,6,35 to 44 years,C2,Chinatown,November,2015.0,z,email,True,2008,True,
236564,0,ADULT,6,0,25 to 34 years,X,Main Library,April,2015.0,z,email,True,2015,True,
251618,0,ADULT,1,0,55 to 59 years,R3,Richmond,March,2015.0,z,email,True,2015,True,
38820,0,ADULT,74,113,35 to 44 years,X,Main Library,June,2016.0,z,email,True,2009,True,
57052,0,ADULT,76,70,60 to 64 years,M6,Mission,May,2016.0,z,email,True,2013,True,
272701,0,ADULT,1,0,45 to 54 years,X,Main Library,March,2016.0,z,email,True,2016,True,
181959,0,ADULT,3,2,35 to 44 years,X,Main Library,July,2016.0,z,email,True,2016,True,
56298,3,SENIOR,5,1,65 to 74 years,X,Main Library,February,2016.0,z,email,True,2012,True,
11288,0,ADULT,4,0,35 to 44 years,G4,Glen Park,March,2016.0,z,email,True,2015,True,
41140,3,SENIOR,1,0,65 to 74 years,X,Main Library,December,2015.0,z,email,True,2015,True,
53984,0,ADULT,11,2,45 to 54 years,X,Main Library,March,2016.0,p,phone,False,2003,True,
19143,0,ADULT,5,0,25 to 34 years,E9,Excelsior,March,2016.0,z,email,True,2015,True,
82725,0,ADULT,33,31,20 to 24 years,X,Main Library,May,2016.0,z,email,True,2015,True,
47759,0,ADULT,4,11,25 to 34 years,X,Main Library,May,2015.0,z,email,True,2014,True,
43996,0,ADULT,14,13,60 to 64 years,X,Main Library,July,2015.0,p,phone,False,2003,True,
48220,0,ADULT,19,1,25 to 34 years,M6,Mission,August,2015.0,z,email,True,2011,True,
288953,4,WELCOME,3,0,20 to 24 years,X,Main Library,June,2016.0,z,email,True,2016,True,
110164,0,ADULT,1,0,25 to 34 years,X,Main Library,December,2015.0,z,email,True,2015,True,
103003,0,ADULT,108,72,25 to 34 years,W2,West Portal,July,2016.0,z,email,True,2010,True,
283322,15,TEACHER CARD,17,0,25 to 34 years,O7,Ortega,June,2016.0,p,phone,False,2016,True,4.0
173932,3,SENIOR,231,152,65 to 74 years,X,Main Library,June,2016.0,z,email,True,2012,True,
305043,2,YOUNG ADULT,2,0,10 to 19 years,X,Main Library,February,2016.0,z,email,True,2016,True,
113366,0,ADULT,104,121,45 to 54 years,W4,Western Addition,June,2016.0,z,email,True,2005,True,
225803,0,ADULT,6,7,35 to 44 years,O7,Ortega,November,2015.0,z,email,True,2014,True,
12201,0,ADULT,136,73,45 to 54 years,C2,Chinatown,October,2015.0,z,email,True,2010,True,
222971,0,ADULT,15,4,25 to 34 years,X,Main Library,July,2016.0,z,email,True,2007,True,
114542,0,ADULT,27,0,45 to 54 years,X,Main Library,July,2015.0,z,email,True,2010,True,
238244,3,SENIOR,7,0,65 to 74 years,X,Main Library,July,2016.0,z,email,True,2016,True,
1092,0,ADULT,1,2,55 to 59 years,S7,Sunset,August,2015.0,z,email,True,2010,True,
185496,0,ADULT,4,0,25 to 34 years,M4,Merced,February,2015.0,z,email,True,2006,True,
27789,0,ADULT,9,0,35 to 44 years,X,Main Library,July,2016.0,z,email,True,2015,True,
20212,0,ADULT,6,2,25 to 34 years,X,Main Library,July,2015.0,z,email,True,2011,True,
185898,0,ADULT,3,5,35 to 44 years,X,Main Library,February,2015.0,z,email,True,2014,True,
49924,0,ADULT,207,82,35 to 44 years,W4,Western Addition,August,2015.0,z,email,True,2013,True,
295320,0,ADULT,17,35,25 to 34 years,X,Main Library,March,2016.0,z,email,True,2015,True,
247058,0,ADULT,10,20,25 to 34 years,X,Main Library,July,2016.0,z,email,True,2015,True,
20130,3,SENIOR,1,0,65 to 74 years,X,Main Library,January,2016.0,z,email,True,2015,True,
97291,0,ADULT,20,17,60 to 64 years,X,Main Library,June,2016.0,z,email,True,2014,True,
154908,0,ADULT,10,0,25 to 34 years,P3,Parkside,May,2016.0,p,phone,False,2016,True,
91190,0,ADULT,1,0,25 to 34 years,R3,Richmond,February,2015.0,z,email,True,2015,True,
30737,0,ADULT,8,6,55 to 59 years,W4,Western Addition,April,2016.0,z,email,True,2010,True,
272430,0,ADULT,15,2,55 to 59 years,X,Main Library,January,2015.0,z,email,True,2003,True,
224957,0,ADULT,46,0,25 to 34 years,X,Main Library,November,2015.0,z,email,True,2015,True,
223310,0,ADULT,13,6,60 to 64 years,X,Main Library,May,2015.0,z,email,True,2015,True,
189253,0,ADULT,9,0,20 to 24 years,O7,Ortega,February,2016.0,z,email,True,2012,True,
85385,0,ADULT,203,136,35 to 44 years,X,Main Library,July,2016.0,z,email,True,2006,True,
56848,3,SENIOR,35,12,65 to 74 years,X,Main Library,February,2015.0,p,phone,False,2003,True,
54374,0,ADULT,0,0,60 to 64 years,X,Main Library,July,2015.0,p,phone,False,2015,True,
229622,3,SENIOR,9,4,65 to 74 years,X,Main Library,July,2016.0,z,email,True,2015,True,
183629,0,ADULT,65,117,25 to 34 years,X,Main Library,July,2016.0,z,email,True,2011,True,
291248,0,ADULT,1,0,35 to 44 years,X,Main Library,August,2015.0,z,email,True,2015,True,
181845,0,ADULT,133,204,25 to 34 years,M4,Merced,February,2016.0,z,email,True,2003,True,
122797,0,ADULT,101,2,45 to 54 years,I5,Ingleside,July,2016.0,z,email,True,2007,True,
389816,1,JUVENILE,2,2,10 to 19 years,M4,Merced,June,2016.0,z,email,True,2016,True,
187687,4,WELCOME,6,0,25 to 34 years,X,Main Library,February,2016.0,z,email,True,2014,True,
174563,0,ADULT,12,28,25 to 34 years,M8,Mission Bay,June,2016.0,z,email,True,2010,True,
17901,0,ADULT,51,8,45 to 54 years,X,Main Library,July,2016.0,z,email,True,2010,True,
251980,0,ADULT,4,4,60 to 64 years,M6,Mission,September,2015.0,z,email,True,2014,True,
274163,0,ADULT,5,0,20 to 24 years,X,Main Library,December,2015.0,z,email,True,2015,True,
160178,0,ADULT,12,8,25 to 34 years,X,Main Library,July,2015.0,z,email,True,2011,True,
377981,0,ADULT,26,0,35 to 44 years,M6,Mission,March,2015.0,p,phone,False,2014,True,
129394,0,ADULT,3,7,25 to 34 years,M8,Mission Bay,February,2015.0,z,email,True,2014,True,
5937,0,ADULT,18,4,25 to 34 years,W4,Western Addition,February,2016.0,z,email,True,2011,True,
262596,0,ADULT,26,34,25 to 34 years,S7,Sunset,May,2016.0,z,email,True,2003,True,
49035,0,ADULT,4,4,45 to 54 years,X,Main Library,July,2015.0,z,email,True,2014,True,
177495,0,ADULT,7,23,55 to 59 years,X,Main Library,July,2015.0,z,email,True,2013,True,
216702,0,ADULT,8,39,25 to 34 years,X,Main Library,January,2015.0,z,email,True,2008,True,
87016,0,ADULT,21,43,25 to 34 years,X,Main Library,July,2016.0,z,email,True,2011,True,
196655,0,ADULT,119,237,35 to 44 years,C2,Chinatown,May,2015.0,z,email,True,2009,True,
148182,4,WELCOME,1,0,25 to 34 years,X,Main Library,November,2015.0,z,email,True,2015,True,
33588,0,ADULT,29,19,55 to 59 years,X,Main Library,January,2015.0,z,email,True,2010,True,
277052,0,ADULT,56,6,35 to 44 years,R3,Richmond,May,2015.0,z,email,True,2009,True,
130803,0,ADULT,29,70,35 to 44 years,M4,Merced,May,2016.0,z,email,True,2012,True,
211363,0,ADULT,4,0,25 to 34 years,X,Main Library,October,2015.0,z,email,True,2010,True,
276530,0,ADULT,4,2,25 to 34 years,X,Main Library,September,2015.0,p,phone,False,2015,True,
298963,0,ADULT,1,3,35 to 44 years,X,Main Library,February,2015.0,z,email,True,2014,True,
166794,0,ADULT,2,0,35 to 44 years,X,Main Library,August,2015.0,z,email,True,2010,True,
167834,0,ADULT,1,0,45 to 54 years,E9,Excelsior,June,2016.0,z,email,True,2014,True,10.0
59261,0,ADULT,1,0,25 to 34 years,M6,Mission,March,2015.0,z,email,True,2015,True,
67702,0,ADULT,220,238,35 to 44 years,X,Main Library,July,2016.0,z,email,True,2014,True,
108867,0,ADULT,2,4,45 to 54 years,P3,Parkside,June,2015.0,z,email,True,2015,True,
238411,0,ADULT,0,0,45 to 54 years,R3,Richmond,September,2015.0,z,email,True,2015,True,
277223,3,SENIOR,3,0,65 to 74 years,M4,Merced,July,2016.0,p,phone,False,2016,True,
158243,0,ADULT,88,17,60 to 64 years,X,Main Library,April,2016.0,z,email,True,2003,True,
76807,0,ADULT,43,0,25 to 34 years,X,Main Library,July,2016.0,p,phone,False,2014,True,
137986,0,ADULT,3,3,25 to 34 years,X,Main Library,February,2016.0,z,email,True,2010,True,
300599,0,ADULT,151,158,35 to 44 years,X,Main Library,June,2016.0,z,email,True,2007,True,
76015,0,ADULT,5,0,35 to 44 years,X,Main Library,October,2015.0,z,email,True,2012,True,
368240,2,YOUNG ADULT,1,0,10 to 19 years,X,Main Library,February,2016.0,z,email,True,2016,True,
283914,0,ADULT,85,5,25 to 34 years,X,Main Library,October,2015.0,z,email,True,2011,True,
59636,0,ADULT,4,0,25 to 34 years,X,Main Library,December,2015.0,z,email,True,2015,True,
161921,0,ADULT,59,27,45 to 54 years,X,Main Library,March,2015.0,z,email,True,2003,True,
206541,0,ADULT,2,0,55 to 59 years,M4,Merced,July,2016.0,z,email,True,2014,True,
363996,1,JUVENILE,90,24,10 to 19 years,O7,Ortega,September,2015.0,z,email,True,2011,True,
217702,0,ADULT,9,0,20 to 24 years,X,Main Library,May,2016.0,z,email,True,2015,True,
41101,0,ADULT,13,2,25 to 34 years,X,Main Library,May,2016.0,z,email,True,2012,True,
238890,0,ADULT,7,9,25 to 34 years,M6,Mission,February,2015.0,z,email,True,2009,True,
122616,0,ADULT,166,182,55 to 59 years,X,Main Library,October,2015.0,z,email,True,2003,True,
282606,0,ADULT,112,105,35 to 44 years,X,Main Library,July,2016.0,z,email,True,2013,True,
186584,4,WELCOME,1,0,25 to 34 years,M8,Mission Bay,July,2016.0,z,email,True,2016,True,
124091,3,SENIOR,11,1,65 to 74 years,M6,Mission,April,2015.0,z,email,True,2008,True,
209684,0,ADULT,7,15,25 to 34 years,X,Main Library,May,2015.0,z,email,True,2014,True,
327062,0,ADULT,55,7,35 to 44 years,C2,Chinatown,July,2016.0,z,email,True,2003,True,
23362,0,ADULT,6,1,65 to 74 years,X,Main Library,December,2015.0,z,email,True,2012,True,
254552,0,ADULT,230,22,45 to 54 years,C2,Chinatown,March,2015.0,z,email,True,2008,True,
234651,0,ADULT,11,0,25 to 34 years,I5,Ingleside,December,2015.0,p,phone,False,2012,True,
86713,4,WELCOME,1,0,25 to 34 years,X,Main Library,January,2015.0,z,email,True,2015,True,
143786,0,ADULT,5,2,20 to 24 years,X,Main Library,December,2015.0,z,email,True,2015,True,
166415,0,ADULT,17,10,55 to 59 years,I5,Ingleside,March,2016.0,z,email,True,2011,True,
109323,0,ADULT,8,8,45 to 54 years,X,Main Library,May,2016.0,z,email,True,2009,True,
182246,0,ADULT,31,17,25 to 34 years,M8,Mission Bay,March,2016.0,z,email,True,2008,True,
328084,1,JUVENILE,109,9,10 to 19 years,P3,Parkside,June,2016.0,z,email,True,2011,True,
415084,0,ADULT,3,3,35 to 44 years,W4,Western Addition,November,2015.0,z,email,True,2014,True,
101214,0,ADULT,20,1,25 to 34 years,X,Main Library,March,2015.0,p,phone,False,2012,True,
126555,0,ADULT,4,0,60 to 64 years,R3,Richmond,April,2016.0,p,phone,True,2016,True,
182154,3,SENIOR,111,15,65 to 74 years,X,Main Library,February,2015.0,p,phone,False,2012,True,
237136,0,ADULT,1,0,45 to 54 years,X,Main Library,February,2015.0,z,email,True,2015,True,
250617,0,ADULT,60,0,25 to 34 years,M6,Mission,June,2015.0,z,email,True,2013,True,
88097,3,SENIOR,23,21,65 to 74 years,X,Main Library,March,2016.0,z,email,True,2014,True,
302406,0,ADULT,14,24,25 to 34 years,M2,Marina,April,2015.0,z,email,True,2013,True,
39650,0,ADULT,34,9,20 to 24 years,X,Main Library,January,2016.0,z,email,True,2012,True,
103425,0,ADULT,2,0,55 to 59 years,M2,Marina,November,2015.0,z,email,True,2015,True,
138743,0,ADULT,0,0,45 to 54 years,X,Main Library,November,2015.0,z,email,True,2013,True,
48726,0,ADULT,4,1,35 to 44 years,X,Main Library,May,2016.0,p,phone,False,2007,True,
15392,0,ADULT,21,2,35 to 44 years,M8,Mission Bay,July,2016.0,z,email,True,2014,True,
174882,0,ADULT,21,9,20 to 24 years,X,Main Library,June,2015.0,z,email,True,2011,True,
124048,0,ADULT,7,0,20 to 24 years,W2,West Portal,April,2016.0,z,email,True,2013,True,
114493,0,ADULT,40,23,45 to 54 years,C2,Chinatown,July,2015.0,a,print,True,2006,True,
3212,0,ADULT,72,40,25 to 34 years,M4,Merced,December,2015.0,p,phone,True,2004,True,
169282,4,WELCOME,0,0,20 to 24 years,X,Main Library,June,2016.0,z,email,True,2016,True,
89680,0,ADULT,23,20,25 to 34 years,X,Main Library,June,2016.0,a,print,True,2005,True,
144792,0,ADULT,9,4,25 to 34 years,X,Main Library,October,2015.0,z,email,True,2008,True,
114986,0,ADULT,1,0,25 to 34 years,X,Main Library,April,2015.0,z,email,True,2015,True,
91349,0,ADULT,1,2,25 to 34 years,R3,Richmond,December,2015.0,z,email,True,2014,True,
341007,2,YOUNG ADULT,14,8,10 to 19 years,X,Main Library,July,2016.0,z,email,True,2014,True,
264437,0,ADULT,16,1,25 to 34 years,X,Main Library,March,2016.0,z,email,True,2014,True,
288710,0,ADULT,15,0,20 to 24 years,M8,Mission Bay,July,2015.0,z,email,True,2015,True,
184144,0,ADULT,134,149,45 to 54 years,X,Main Library,July,2016.0,z,email,True,2009,True,
54672,4,WELCOME,1,0,35 to 44 years,X,Main Library,August,2015.0,z,email,True,2015,True,
283041,0,ADULT,3,4,55 to 59 years,X,Main Library,December,2015.0,z,email,True,2013,True,
7475,3,SENIOR,56,5,65 to 74 years,W4,Western Addition,December,2015.0,z,email,True,2003,True,
97462,0,ADULT,21,2,35 to 44 years,I5,Ingleside,February,2015.0,z,email,True,2009,True,
76506,0,ADULT,61,19,25 to 34 years,X,Main Library,June,2016.0,z,email,True,2014,True,
114965,0,ADULT,4,0,35 to 44 years,W4,Western Addition,June,2015.0,z,email,True,2012,True,
70130,0,ADULT,2,0,45 to 54 years,P3,Parkside,May,2016.0,z,email,True,2016,True,
360830,0,ADULT,97,88,65 to 74 years,C2,Chinatown,June,2016.0,p,phone,False,2005,True,
49571,0,ADULT,8,16,35 to 44 years,X,Main Library,August,2015.0,z,email,True,2015,True,
178970,0,ADULT,7,1,25 to 34 years,R3,Richmond,July,2016.0,z,email,True,2015,True,
351427,1,JUVENILE,3,0,10 to 19 years,C2,Chinatown,July,2016.0,a,print,False,2016,True,
240214,0,ADULT,8,1,25 to 34 years,X,Main Library,July,2015.0,z,email,True,2009,True,
192398,0,ADULT,13,27,55 to 59 years,X,Main Library,May,2016.0,p,phone,False,2015,True,
211935,0,ADULT,194,12,45 to 54 years,O7,Ortega,June,2016.0,z,email,True,2011,True,
361589,0,ADULT,7,0,10 to 19 years,X,Main Library,July,2016.0,z,email,True,2015,True,
266706,0,ADULT,15,10,35 to 44 years,X,Main Library,April,2015.0,z,email,True,2009,True,
124936,0,ADULT,6,0,45 to 54 years,E9,Excelsior,August,2015.0,z,email,True,2014,True,
275035,0,ADULT,0,0,45 to 54 years,X,Main Library,February,2016.0,z,email,True,2009,True,
320983,2,YOUNG ADULT,1,0,10 to 19 years,X,Main Library,November,2015.0,p,phone,False,2015,True,
75617,0,ADULT,95,49,35 to 44 years,S7,Sunset,March,2016.0,z,email,True,2010,True,
178234,0,ADULT,2,0,20 to 24 years,X,Main Library,February,2016.0,z,email,True,2016,True,
259509,3,SENIOR,57,18,65 to 74 years,M6,Mission,June,2016.0,z,email,True,2003,True,
279492,0,ADULT,5,5,55 to 59 years,X,Main Library,March,2015.0,z,email,True,2015,True,
110856,0,ADULT,100,63,25 to 34 years,I5,Ingleside,May,2016.0,z,email,True,2014,True,
188310,0,ADULT,174,111,25 to 34 years,M4,Merced,January,2016.0,z,email,True,2005,True,
159889,0,ADULT,4,1,60 to 64 years,M6,Mission,July,2016.0,z,email,True,2015,True,
331853,2,YOUNG ADULT,33,52,10 to 19 years,X,Main Library,August,2015.0,a,print,False,2015,True,
236551,3,SENIOR,47,23,65 to 74 years,X,Main Library,May,2015.0,z,email,True,2008,True,
89066,0,ADULT,107,166,35 to 44 years,X,Main Library,July,2016.0,z,email,True,2015,True,
375279,1,JUVENILE,118,39,10 to 19 years,M6,Mission,September,2015.0,p,phone,False,2011,True,
166997,0,ADULT,35,1,25 to 34 years,M8,Mission Bay,October,2015.0,z,email,True,2015,True,
279363,0,ADULT,34,26,25 to 34 years,M6,Mission,April,2015.0,z,email,True,2012,True,
287407,0,ADULT,13,0,25 to 34 years,X,Main Library,September,2015.0,p,phone,False,2015,True,
296304,0,ADULT,1,2,25 to 34 years,X,Main Library,April,2015.0,z,email,True,2015,True,
55578,0,ADULT,19,0,25 to 34 years,M8,Mission Bay,February,2016.0,z,email,True,2014,True,
99722,0,ADULT,87,123,35 to 44 years,X,Main Library,October,2015.0,a,print,False,2012,True,
119479,0,ADULT,7,0,25 to 34 years,X,Main Library,August,2015.0,z,email,True,2011,True,
199012,3,SENIOR,4,0,65 to 74 years,X,Main Library,January,2016.0,p,phone,True,2014,True,
322458,0,ADULT,3,1,10 to 19 years,X,Main Library,February,2016.0,z,email,True,2016,True,
121578,0,ADULT,14,0,20 to 24 years,M6,Mission,April,2016.0,z,email,True,2015,True,
202951,0,ADULT,5,9,25 to 34 years,X,Main Library,January,2015.0,z,email,True,2014,True,
42649,0,ADULT,4,1,25 to 34 years,I5,Ingleside,January,2016.0,p,phone,False,2015,True,
233846,0,ADULT,1,0,25 to 34 years,X,Main Library,November,2015.0,z,email,True,2015,True,
139701,3,SENIOR,27,7,60 to 64 years,X,Main Library,January,2015.0,p,phone,False,2003,True,
20567,0,ADULT,63,14,55 to 59 years,X,Main Library,December,2015.0,z,email,True,2004,True,
28652,0,ADULT,3,3,25 to 34 years,S7,Sunset,March,2016.0,z,email,True,2015,True,
345873,0,ADULT,1,1,10 to 19 years,W2,West Portal,December,2015.0,z,email,True,2015,True,
397221,0,ADULT,6,0,10 to 19 years,M4,Merced,May,2016.0,z,email,True,2016,True,
93213,0,ADULT,20,37,60 to 64 years,S7,Sunset,June,2016.0,z,email,True,2013,True,
289821,0,ADULT,1,5,20 to 24 years,X,Main Library,January,2016.0,z,email,True,2015,True,
208444,4,WELCOME,2,0,20 to 24 years,W2,West Portal,May,2016.0,z,email,True,2015,True,
61579,0,ADULT,20,6,20 to 24 years,W4,Western Addition,May,2015.0,z,email,True,2015,True,
202751,0,ADULT,100,1,25 to 34 years,X,Main Library,July,2015.0,z,email,True,2011,True,
270433,0,ADULT,1,4,25 to 34 years,X,Main Library,January,2015.0,z,email,True,2014,True,
63668,0,ADULT,236,13,45 to 54 years,R3,Richmond,June,2016.0,z,email,True,2013,True,
257374,0,ADULT,181,21,25 to 34 years,M6,Mission,June,2016.0,z,email,True,2005,True,
31046,0,ADULT,2,0,25 to 34 years,X,Main Library,September,2015.0,a,print,False,2014,True,
123601,0,ADULT,76,6,60 to 64 years,X,Main Library,March,2016.0,p,phone,False,2005,True,
333060,10,VISITOR,2,0,20 to 24 years,X,Main Library,July,2016.0,z,email,True,2016,True,
150252,0,ADULT,67,144,35 to 44 years,X,Main Library,March,2016.0,z,email,True,2012,True,
184746,3,SENIOR,1,0,65 to 74 years,X,Main Library,March,2016.0,z,email,True,2015,True,
37737,0,ADULT,55,70,25 to 34 years,X,Main Library,August,2015.0,z,email,True,2012,True,
111320,0,ADULT,1,0,20 to 24 years,E9,Excelsior,April,2015.0,p,phone,False,2015,True,
335901,1,JUVENILE,15,0,10 to 19 years,X,Main Library,July,2015.0,z,email,True,2012,True,
412874,0,ADULT,1,0,10 to 19 years,X,Main Library,July,2015.0,z,email,True,2015,True,
149083,0,ADULT,6,4,20 to 24 years,X,Main Library,July,2016.0,z,email,True,2016,True,
175329,0,ADULT,190,12,35 to 44 years,M8,Mission Bay,June,2015.0,z,email,True,2013,True,
239687,0,ADULT,0,0,45 to 54 years,X,Main Library,February,2016.0,z,email,True,2014,True,
167029,0,ADULT,68,57,25 to 34 years,X,Main Library,June,2016.0,z,email,True,2014,True,
151685,0,ADULT,12,3,45 to 54 years,E9,Excelsior,May,2015.0,z,email,True,2011,True,
32252,0,ADULT,157,0,55 to 59 years,X,Main Library,July,2015.0,z,email,True,2013,True,
153940,0,ADULT,1,0,25 to 34 years,X,Main Library,December,2015.0,z,email,True,2012,True,
238159,0,ADULT,238,172,35 to 44 years,X,Main Library,July,2016.0,z,email,True,2003,True,
113069,0,ADULT,1,3,35 to 44 years,M4,Merced,April,2015.0,z,email,True,2015,True,
284767,3,SENIOR,0,0,65 to 74 years,X,Main Library,August,2015.0,z,email,True,2013,True,
123279,0,ADULT,3,6,20 to 24 years,X,Main Library,July,2016.0,z,email,True,2016,True,
69587,0,ADULT,1,0,25 to 34 years,X,Main Library,July,2016.0,z,email,True,2016,True,
142725,0,ADULT,14,0,25 to 34 years,X,Main Library,December,2015.0,z,email,True,2012,True,
65019,0,ADULT,11,0,45 to 54 years,X,Main Library,October,2015.0,z,email,True,2003,True,
287088,0,ADULT,3,0,45 to 54 years,X,Main Library,November,2015.0,z,email,True,2009,True,
45409,0,ADULT,1,0,60 to 64 years,R3,Richmond,January,2015.0,z,email,True,2015,True,
196796,0,ADULT,10,9,25 to 34 years,X,Main Library,September,2015.0,z,email,True,2013,True,
13788,0,ADULT,3,0,25 to 34 years,X,Main Library,April,2016.0,z,email,True,2011,True,
298517,0,ADULT,79,96,20 to 24 years,X,Main Library,July,2016.0,p,phone,False,2013,True,
239244,0,ADULT,9,2,45 to 54 years,M2,Marina,January,2016.0,z,email,True,2010,True,
98237,0,ADULT,1,0,25 to 34 years,X,Main Library,August,2015.0,z,email,True,2009,True,
224661,0,ADULT,4,2,25 to 34 years,X,Main Library,May,2016.0,z,email,True,2011,True,
305530,2,YOUNG ADULT,1,1,10 to 19 years,X,Main Library,March,2016.0,z,email,True,2016,True,
245731,0,ADULT,2,4,35 to 44 years,M6,Mission,March,2016.0,z,email,True,2016,True,
167139,0,ADULT,1,0,25 to 34 years,E9,Excelsior,June,2015.0,z,email,True,2015,True,
199970,0,ADULT,178,139,35 to 44 years,M6,Mission,February,2016.0,z,email,True,2013,True,
186437,0,ADULT,3,0,45 to 54 years,X,Main Library,April,2015.0,z,email,True,2010,True,
51155,0,ADULT,1,0,35 to 44 years,M4,Merced,April,2015.0,z,email,True,2015,True,
76174,0,ADULT,51,0,25 to 34 years,X,Main Library,August,2015.0,z,email,True,2015,True,
263609,0,ADULT,226,62,55 to 59 years,X,Main Library,May,2016.0,z,email,True,2007,True,
314845,2,YOUNG ADULT,19,41,10 to 19 years,M6,Mission,January,2015.0,p,phone,False,2008,True,
64752,0,ADULT,41,24,55 to 59 years,X,Main Library,August,2015.0,z,email,True,2003,True,
273597,3,SENIOR,17,17,65 to 74 years,X,Main Library,March,2016.0,z,email,True,2012,True,
23663,0,ADULT,66,63,35 to 44 years,X,Main Library,June,2016.0,z,email,True,2010,True,
58361,0,ADULT,10,0,20 to 24 years,X,Main Library,January,2016.0,z,email,True,2012,True,
31686,0,ADULT,36,47,25 to 34 years,C2,Chinatown,June,2016.0,z,email,True,2013,True,
208011,0,ADULT,60,0,65 to 74 years,X,Main Library,July,2016.0,p,phone,False,2015,True,
409322,0,ADULT,198,194,60 to 64 years,C2,Chinatown,July,2016.0,p,phone,False,2014,True,
153849,0,ADULT,1,0,25 to 34 years,X,Main Library,February,2016.0,z,email,True,2016,True,
226125,0,ADULT,1,1,25 to 34 years,I5,Ingleside,April,2016.0,z,email,True,2016,True,
27904,0,ADULT,41,49,45 to 54 years,X,Main Library,July,2016.0,p,phone,False,2003,True,
142803,0,ADULT,1,3,45 to 54 years,X,Main Library,April,2015.0,z,email,True,2015,True,
32290,4,WELCOME,0,0,25 to 34 years,W4,Western Addition,February,2015.0,z,email,True,2014,True,
237741,0,ADULT,192,135,55 to 59 years,M4,Merced,July,2016.0,z,email,True,2009,True,
238189,0,ADULT,3,0,20 to 24 years,X,Main Library,January,2015.0,z,email,True,2014,True,
408896,0,ADULT,45,0,10 to 19 years,X,Main Library,February,2016.0,z,email,True,2015,True,
277647,0,ADULT,10,10,35 to 44 years,S7,Sunset,June,2015.0,z,email,True,2015,True,
300529,0,ADULT,70,72,35 to 44 years,X,Main Library,July,2016.0,z,email,True,2014,True,
177469,0,ADULT,37,85,20 to 24 years,M2,Marina,October,2015.0,z,email,True,2014,True,
81308,0,ADULT,4,0,20 to 24 years,X,Main Library,October,2015.0,z,email,True,2015,True,
259820,0,ADULT,1,2,25 to 34 years,S7,Sunset,February,2015.0,z,email,True,2015,True,
100884,0,ADULT,67,21,25 to 34 years,X,Main Library,July,2016.0,z,email,True,2014,True,
298696,3,SENIOR,0,0,65 to 74 years,X,Main Library,February,2015.0,z,email,True,2013,True,
177665,0,ADULT,180,105,35 to 44 years,R3,Richmond,March,2016.0,z,email,True,2014,True,
186597,0,ADULT,6,0,45 to 54 years,R3,Richmond,July,2016.0,z,email,True,2016,True,
140379,0,ADULT,10,0,25 to 34 years,X,Main Library,May,2015.0,z,email,True,2011,True,
269253,0,ADULT,2,0,25 to 34 years,M6,Mission,December,2015.0,z,email,True,2015,True,
395984,2,YOUNG ADULT,55,7,10 to 19 years,I5,Ingleside,June,2016.0,z,email,True,2013,True,
210168,0,ADULT,1,0,25 to 34 years,M4,Merced,February,2016.0,z,email,True,2016,True,
381141,1,JUVENILE,10,9,10 to 19 years,M4,Merced,July,2016.0,z,email,True,2015,True,
227742,0,ADULT,8,0,45 to 54 years,X,Main Library,April,2016.0,z,email,True,2013,True,
356776,1,JUVENILE,1,0,10 to 19 years,R3,Richmond,January,2016.0,z,email,True,2016,True,
295702,0,ADULT,15,5,60 to 64 years,M6,Mission,July,2016.0,z,email,True,2013,True,
55650,0,ADULT,30,11,55 to 59 years,X,Main Library,June,2016.0,z,email,True,2006,True,
281367,0,ADULT,13,21,20 to 24 years,X,Main Library,July,2016.0,z,email,True,2016,True,
228051,0,ADULT,5,0,60 to 64 years,X,Main Library,July,2016.0,z,email,True,2015,True,
93960,0,ADULT,9,0,35 to 44 years,X,Main Library,July,2016.0,p,phone,False,2016,True,
272138,0,ADULT,1,0,25 to 34 years,M6,Mission,February,2016.0,z,email,True,2016,True,
92438,0,ADULT,1,3,20 to 24 years,X,Main Library,August,2015.0,z,email,True,2015,True,
47659,0,ADULT,229,54,45 to 54 years,X,Main Library,July,2016.0,z,email,True,2010,True,
255149,0,ADULT,6,0,55 to 59 years,X,Main Library,July,2015.0,z,email,True,2011,True,
165332,0,ADULT,24,13,25 to 34 years,G4,Glen Park,March,2016.0,z,email,True,2011,True,
326365,1,JUVENILE,22,0,10 to 19 years,X,Main Library,April,2016.0,z,email,True,2014,True,
144943,0,ADULT,6,2,45 to 54 years,M8,Mission Bay,October,2015.0,p,phone,False,2008,True,
197988,0,ADULT,14,0,55 to 59 years,W2,West Portal,March,2015.0,z,email,True,2010,True,
179932,3,SENIOR,195,87,65 to 74 years,W2,West Portal,July,2016.0,z,email,True,2003,True,
48577,0,ADULT,7,0,25 to 34 years,E9,Excelsior,May,2016.0,z,email,True,2009,True,
76150,0,ADULT,1,0,35 to 44 years,M4,Merced,January,2016.0,z,email,True,2014,True,
200500,0,ADULT,1,0,20 to 24 years,R3,Richmond,August,2015.0,z,email,True,2015,True,
172150,3,SENIOR,121,0,65 to 74 years,X,Main Library,July,2016.0,p,phone,False,2009,True,
83751,0,ADULT,4,0,25 to 34 years,I5,Ingleside,February,2016.0,z,email,True,2015,True,
110071,0,ADULT,6,12,25 to 34 years,X,Main Library,August,2015.0,z,email,True,2015,True,
364446,0,ADULT,6,1,45 to 54 years,W4,Western Addition,May,2016.0,z,email,True,2014,True,
147811,3,SENIOR,2,0,65 to 74 years,X,Main Library,September,2015.0,z,email,True,2015,True,
272089,3,SENIOR,67,88,65 to 74 years,X,Main Library,January,2016.0,z,email,True,2003,True,
218739,3,SENIOR,2,3,65 to 74 years,X,Main Library,July,2016.0,z,email,True,2016,True,
352491,1,JUVENILE,3,0,10 to 19 years,E9,Excelsior,January,2015.0,z,email,True,2010,True,
98784,0,ADULT,27,59,25 to 34 years,X,Main Library,March,2016.0,z,email,True,2012,True,
63352,0,ADULT,53,78,60 to 64 years,X,Main Library,August,2015.0,z,email,True,2013,True,
168898,0,ADULT,1,0,25 to 34 years,M4,Merced,May,2016.0,p,phone,True,2016,True,
89793,3,SENIOR,4,16,65 to 74 years,X,Main Library,May,2016.0,z,email,True,2016,True,
145882,3,SENIOR,15,9,65 to 74 years,M4,Merced,December,2015.0,p,phone,True,2015,True,
223523,0,ADULT,143,13,20 to 24 years,X,Main Library,February,2016.0,z,email,True,2012,True,
137129,0,ADULT,2,2,45 to 54 years,X,Main Library,June,2016.0,z,email,True,2014,True,
259484,4,WELCOME,1,0,25 to 34 years,E9,Excelsior,April,2016.0,z,email,True,2015,True,
181848,3,SENIOR,4,0,65 to 74 years,X,Main Library,October,2015.0,z,email,True,2015,True,
64697,0,ADULT,0,0,20 to 24 years,X,Main Library,March,2016.0,z,email,True,2016,True,
251403,0,ADULT,152,232,45 to 54 years,M4,Merced,July,2016.0,z,email,True,2003,True,
186878,0,ADULT,15,4,25 to 34 years,M8,Mission Bay,July,2015.0,z,email,True,2015,True,
98431,0,ADULT,203,412,45 to 54 years,X,Main Library,July,2015.0,z,email,True,2008,True,
176319,0,ADULT,10,0,35 to 44 years,X,Main Library,May,2016.0,p,phone,False,2008,True,
16960,0,ADULT,21,2,60 to 64 years,M4,Merced,August,2015.0,z,email,True,2015,True,
141958,3,SENIOR,201,74,65 to 74 years,E9,Excelsior,July,2016.0,p,phone,False,2003,True,
373833,1,JUVENILE,27,10,10 to 19 years,X,Main Library,July,2016.0,z,email,True,2013,True,
259071,0,ADULT,2,1,35 to 44 years,M6,Mission,January,2016.0,z,email,True,2015,True,
291243,0,ADULT,34,44,60 to 64 years,S7,Sunset,April,2015.0,z,email,True,2010,True,
260214,3,SENIOR,2,2,65 to 74 years,X,Main Library,August,2015.0,p,phone,False,2014,True,
131745,0,ADULT,5,11,25 to 34 years,S7,Sunset,November,2015.0,z,email,True,2003,True,
297597,0,ADULT,7,0,35 to 44 years,O7,Ortega,July,2016.0,z,email,True,2015,True,
148064,0,ADULT,5,8,20 to 24 years,X,Main Library,July,2015.0,z,email,True,2013,True,
181618,0,ADULT,12,1,55 to 59 years,X,Main Library,April,2015.0,z,email,True,2003,True,
123537,0,ADULT,97,235,25 to 34 years,X,Main Library,July,2016.0,z,email,True,2015,True,
128506,0,ADULT,3,0,45 to 54 years,X,Main Library,March,2015.0,z,email,True,2015,True,
285594,0,ADULT,20,26,35 to 44 years,X,Main Library,June,2016.0,z,email,True,2016,True,
294305,0,ADULT,18,7,60 to 64 years,X,Main Library,August,2015.0,z,email,True,2003,True,
207410,0,ADULT,2,0,35 to 44 years,X,Main Library,March,2016.0,z,email,True,2014,True,
14339,0,ADULT,118,58,55 to 59 years,X,Main Library,April,2016.0,z,email,True,2003,True,
282474,0,ADULT,4,0,20 to 24 years,X,Main Library,July,2015.0,p,phone,True,2012,True,
141694,0,ADULT,9,0,60 to 64 years,M6,Mission,March,2016.0,p,phone,False,2014,True,
185176,0,ADULT,1,2,25 to 34 years,X,Main Library,March,2015.0,z,email,True,2014,True,
59057,0,ADULT,109,240,60 to 64 years,X,Main Library,January,2015.0,z,email,True,2003,True,
197639,0,ADULT,169,103,35 to 44 years,G4,Glen Park,May,2016.0,z,email,True,2003,True,
137563,3,SENIOR,146,101,65 to 74 years,G4,Glen Park,February,2016.0,z,email,True,2010,True,
26522,0,ADULT,8,4,25 to 34 years,X,Main Library,October,2015.0,z,email,True,2014,True,
131050,0,ADULT,6,2,55 to 59 years,M8,Mission Bay,March,2015.0,a,print,False,2015,True,
39835,0,ADULT,171,59,20 to 24 years,P3,Parkside,August,2015.0,z,email,True,2003,True,
226765,3,SENIOR,100,11,65 to 74 years,X,Main Library,May,2015.0,z,email,True,2003,True,
104519,0,ADULT,40,1,45 to 54 years,X,Main Library,February,2015.0,z,email,True,2003,True,
26,3,SENIOR,39,32,65 to 74 years,X,Main Library,May,2015.0,p,phone,True,2003,True,
78357,0,ADULT,106,110,35 to 44 years,E9,Excelsior,July,2016.0,z,email,True,2003,True,
209851,0,ADULT,93,30,60 to 64 years,X,Main Library,January,2016.0,z,email,True,2003,True,
289651,0,ADULT,16,0,25 to 34 years,X,Main Library,March,2016.0,z,email,True,2015,True,
241338,3,SENIOR,21,7,65 to 74 years,X,Main Library,August,2015.0,p,phone,True,2003,True,
413259,2,YOUNG ADULT,0,0,10 to 19 years,X,Main Library,January,2015.0,z,email,True,2011,True,
71354,10,VISITOR,3,0,35 to 44 years,M2,Marina,July,2016.0,z,email,True,2016,True,2.0
411972,2,YOUNG ADULT,2,0,10 to 19 years,E9,Excelsior,June,2016.0,z,email,True,2016,True,
277205,0,ADULT,7,3,20 to 24 years,X,Main Library,March,2015.0,p,phone,False,2010,True,
5518,0,ADULT,19,28,25 to 34 years,X,Main Library,October,2015.0,z,email,True,2012,True,
307456,2,YOUNG ADULT,3,0,10 to 19 years,W4,Western Addition,June,2016.0,z,email,True,2016,True,
112447,0,ADULT,158,250,25 to 34 years,M8,Mission Bay,September,2015.0,z,email,True,2006,True,
181715,3,SENIOR,7,12,65 to 74 years,M6,Mission,May,2016.0,z,email,True,2003,True,
78943,0,ADULT,35,17,25 to 34 years,X,Main Library,July,2016.0,z,email,True,2015,True,
152853,0,ADULT,0,0,45 to 54 years,M4,Merced,April,2016.0,z,email,True,2016,True,
214427,0,ADULT,16,2,35 to 44 years,X,Main Library,April,2015.0,z,email,True,2012,True,
104958,3,SENIOR,22,8,65 to 74 years,M6,Mission,September,2015.0,p,phone,False,2003,True,
58654,0,ADULT,85,88,55 to 59 years,X,Main Library,June,2016.0,z,email,True,2003,True,
236185,0,ADULT,22,48,35 to 44 years,O7,Ortega,December,2015.0,z,email,True,2013,True,
47040,0,ADULT,1,0,35 to 44 years,X,Main Library,September,2015.0,p,phone,False,2015,True,
255343,0,ADULT,32,31,25 to 34 years,X,Main Library,October,2015.0,z,email,True,2015,True,
19694,0,ADULT,36,0,45 to 54 years,W4,Western Addition,June,2016.0,z,email,True,2016,True,
380968,1,JUVENILE,4,0,10 to 19 years,M2,Marina,June,2016.0,z,email,True,2016,True,
11478,0,ADULT,1,0,25 to 34 years,M8,Mission Bay,June,2015.0,z,email,True,2014,True,
7897,0,ADULT,1,0,20 to 24 years,X,Main Library,June,2016.0,z,email,True,2016,True,
254272,0,ADULT,49,20,35 to 44 years,X,Main Library,July,2016.0,p,phone,True,2015,True,
136366,0,ADULT,28,12,25 to 34 years,X,Main Library,October,2015.0,z,email,True,2012,True,
151500,3,SENIOR,8,1,65 to 74 years,X,Main Library,July,2015.0,z,email,True,2008,True,
109086,0,ADULT,115,25,35 to 44 years,M6,Mission,November,2015.0,z,email,True,2003,True,
62957,0,ADULT,9,3,20 to 24 years,M6,Mission,February,2016.0,z,email,True,2015,True,
195113,4,WELCOME,2,0,25 to 34 years,X,Main Library,March,2015.0,z,email,True,2011,True,
15131,0,ADULT,61,7,45 to 54 years,M8,Mission Bay,September,2015.0,z,email,True,2008,True,
54140,0,ADULT,20,5,35 to 44 years,M2,Marina,July,2016.0,z,email,True,2009,True,11.0
402012,0,ADULT,25,0,10 to 19 years,X,Main Library,January,2016.0,z,email,True,2016,True,
192946,3,SENIOR,0,0,65 to 74 years,W4,Western Addition,January,2015.0,z,email,True,2012,True,
329800,0,ADULT,9,6,10 to 19 years,W2,West Portal,January,2016.0,z,email,True,2012,True,
88823,0,ADULT,3,0,35 to 44 years,X,Main Library,March,2015.0,z,email,True,2014,True,
224854,10,VISITOR,4,5,55 to 59 years,C2,Chinatown,December,2015.0,z,email,True,2015,True,3.0
53153,0,ADULT,29,22,55 to 59 years,M4,Merced,August,2015.0,z,email,True,2003,True,
102332,0,ADULT,27,12,45 to 54 years,O7,Ortega,May,2016.0,z,email,True,2004,True,
311759,2,YOUNG ADULT,16,2,10 to 19 years,I5,Ingleside,December,2015.0,z,email,True,2015,True,
273607,0,ADULT,7,14,35 to 44 years,X,Main Library,April,2015.0,a,print,False,2015,True,
277871,0,ADULT,45,7,25 to 34 years,X,Main Library,May,2016.0,a,print,False,2015,True,
249460,0,ADULT,56,34,35 to 44 years,M8,Mission Bay,April,2016.0,z,email,True,2009,True,
105175,0,ADULT,1,4,25 to 34 years,C2,Chinatown,May,2015.0,z,email,True,2015,True,
111662,0,ADULT,26,15,35 to 44 years,X,Main Library,July,2016.0,z,email,True,2016,True,
122476,0,ADULT,5,0,25 to 34 years,M2,Marina,September,2015.0,z,email,True,2015,True,
122724,0,ADULT,116,122,25 to 34 years,M6,Mission,January,2015.0,z,email,True,2005,True,
390841,2,YOUNG ADULT,4,2,10 to 19 years,E9,Excelsior,September,2015.0,a,print,False,2012,True,
154650,0,ADULT,20,7,60 to 64 years,M8,Mission Bay,April,2015.0,z,email,True,2014,True,
72483,0,ADULT,121,62,45 to 54 years,X,Main Library,July,2015.0,z,email,True,2009,True,
151205,0,ADULT,37,0,60 to 64 years,R3,Richmond,January,2015.0,z,email,True,2003,True,
277212,0,ADULT,18,8,55 to 59 years,X,Main Library,August,2015.0,z,email,True,2007,True,
369530,0,ADULT,4,0,65 to 74 years,X,Main Library,January,2016.0,z,email,True,2011,True,
2360,0,ADULT,1,0,20 to 24 years,X,Main Library,March,2015.0,z,email,True,2015,True,
286534,4,WELCOME,1,2,35 to 44 years,X,Main Library,February,2015.0,p,phone,False,2014,True,
